"FullName","Length","LastWriteTime"
"D:\MICO_SSOT\KNOWLEDGE_BASE\02_PDF_TEKNIK\ATURAN benar struktur.pdf","1457186","5/26/2026 10:53:44 AM"
"D:\MICO_SSOT\KNOWLEDGE_BASE\02_PDF_TEKNIK\Penawaran Upah tenaga Kholil.pdf","807156","5/1/2026 5:00:49 AM"
"D:\MICO_SSOT\KNOWLEDGE_BASE\03_FOTO_PROYEK\FB_IMG_1785102373025.jpg","179929","9/7/2026 3:26:17 AM"
"D:\MICO_SSOT\KNOWLEDGE_BASE\03_FOTO_PROYEK\FB_IMG_1785102373025.jpg.md","193","9/7/2026 12:10:47 PM"
"D:\MICO_SSOT\KNOWLEDGE_BASE\03_FOTO_PROYEK\FB_IMG_1785102373025_20260907_041057.jpg","179929","9/7/2026 3:26:17 AM"
"D:\MICO_SSOT\KNOWLEDGE_BASE\03_FOTO_PROYEK\FB_IMG_1785102373025_20260907_041057.jpg.md","229","9/7/2026 11:39:05 AM"
"D:\MICO_SSOT\KNOWLEDGE_BASE\03_FOTO_PROYEK\FB_IMG_1785102373025_20260907_042105.jpg","179929","7/27/2026 4:46:13 AM"
"D:\MICO_SSOT\KNOWLEDGE_BASE\03_FOTO_PROYEK\FB_IMG_1785102373025_20260907_042105.jpg.md","229","9/7/2026 11:39:05 AM"
"D:\MICO_SSOT\KNOWLEDGE_BASE\03_FOTO_PROYEK\FB_IMG_1785102386044.jpg","159200","9/7/2026 3:26:17 AM"
"D:\MICO_SSOT\KNOWLEDGE_BASE\03_FOTO_PROYEK\FB_IMG_1785102386044.jpg.md","193","9/7/2026 12:10:47 PM"
"D:\MICO_SSOT\KNOWLEDGE_BASE\03_FOTO_PROYEK\FB_IMG_1785102386044_20260907_041057.jpg","159200","9/7/2026 3:26:17 AM"
"D:\MICO_SSOT\KNOWLEDGE_BASE\03_FOTO_PROYEK\FB_IMG_1785102386044_20260907_041057.jpg.md","229","9/7/2026 11:39:05 AM"
"D:\MICO_SSOT\KNOWLEDGE_BASE\03_FOTO_PROYEK\FB_IMG_1785102386044_20260907_042105.jpg","159200","7/27/2026 4:46:26 AM"
"D:\MICO_SSOT\KNOWLEDGE_BASE\03_FOTO_PROYEK\FB_IMG_1785102386044_20260907_042105.jpg.md","229","9/7/2026 11:39:05 AM"
"D:\MICO_SSOT\KNOWLEDGE_BASE\03_FOTO_PROYEK\FB_IMG_1785102689235.jpg","183158","9/7/2026 3:26:17 AM"
"D:\MICO_SSOT\KNOWLEDGE_BASE\03_FOTO_PROYEK\FB_IMG_1785102689235.jpg.md","193","9/7/2026 12:10:47 PM"
"D:\MICO_SSOT\KNOWLEDGE_BASE\03_FOTO_PROYEK\FB_IMG_1785102689235_20260907_041057.jpg","183158","9/7/2026 3:26:17 AM"
"D:\MICO_SSOT\KNOWLEDGE_BASE\03_FOTO_PROYEK\FB_IMG_1785102689235_20260907_041057.jpg.md","229","9/7/2026 11:39:05 AM"
"D:\MICO_SSOT\KNOWLEDGE_BASE\03_FOTO_PROYEK\FB_IMG_1785102689235_20260907_042105.jpg","183158","7/27/2026 4:51:29 AM"
"D:\MICO_SSOT\KNOWLEDGE_BASE\03_FOTO_PROYEK\FB_IMG_1785102689235_20260907_042105.jpg.md","229","9/7/2026 11:39:05 AM"
"D:\MICO_SSOT\KNOWLEDGE_BASE\03_FOTO_PROYEK\FB_IMG_1785102722980.jpg","218023","7/27/2026 4:52:03 AM"
"D:\MICO_SSOT\KNOWLEDGE_BASE\03_FOTO_PROYEK\FB_IMG_1785102722980.jpg.md","197","9/7/2026 11:39:06 AM"
"D:\MICO_SSOT\KNOWLEDGE_BASE\03_FOTO_PROYEK\FB_IMG_1785102769272.jpg","292182","7/27/2026 4:52:49 AM"
"D:\MICO_SSOT\KNOWLEDGE_BASE\03_FOTO_PROYEK\FB_IMG_1785102769272.jpg.md","197","9/7/2026 11:39:06 AM"
"D:\MICO_SSOT\KNOWLEDGE_BASE\03_FOTO_PROYEK\FB_IMG_1785102784736.jpg","205558","7/27/2026 4:53:04 AM"
"D:\MICO_SSOT\KNOWLEDGE_BASE\03_FOTO_PROYEK\FB_IMG_1785102784736.jpg.md","197","9/7/2026 11:39:06 AM"
"D:\MICO_SSOT\KNOWLEDGE_BASE\03_FOTO_PROYEK\FB_IMG_1785120303439.jpg","126587","7/27/2026 9:45:03 AM"
"D:\MICO_SSOT\KNOWLEDGE_BASE\03_FOTO_PROYEK\FB_IMG_1785120303439.jpg.md","197","9/7/2026 11:39:06 AM"
"D:\MICO_SSOT\KNOWLEDGE_BASE\03_FOTO_PROYEK\FB_IMG_1785120321172.jpg","146419","7/27/2026 9:45:21 AM"
"D:\MICO_SSOT\KNOWLEDGE_BASE\03_FOTO_PROYEK\FB_IMG_1785120321172.jpg.md","197","9/7/2026 11:39:06 AM"
"D:\MICO_SSOT\KNOWLEDGE_BASE\03_FOTO_PROYEK\FB_IMG_1785140452626.jpg","250587","7/27/2026 3:20:52 PM"
"D:\MICO_SSOT\KNOWLEDGE_BASE\03_FOTO_PROYEK\FB_IMG_1785140452626.jpg.md","197","9/7/2026 11:39:06 AM"
"D:\MICO_SSOT\KNOWLEDGE_BASE\03_FOTO_PROYEK\FB_IMG_1785153393460.jpg","256816","7/27/2026 6:56:33 PM"
"D:\MICO_SSOT\KNOWLEDGE_BASE\03_FOTO_PROYEK\FB_IMG_1785153393460.jpg.md","197","9/7/2026 11:39:07 AM"
"D:\MICO_SSOT\KNOWLEDGE_BASE\03_FOTO_PROYEK\FB_IMG_1785153889501.jpg","185920","7/27/2026 7:04:49 PM"
"D:\MICO_SSOT\KNOWLEDGE_BASE\03_FOTO_PROYEK\FB_IMG_1785153889501.jpg.md","197","9/7/2026 11:39:07 AM"
"D:\MICO_SSOT\KNOWLEDGE_BASE\03_FOTO_PROYEK\FB_IMG_1785154946796.jpg","142634","7/27/2026 7:22:26 PM"
"D:\MICO_SSOT\KNOWLEDGE_BASE\03_FOTO_PROYEK\FB_IMG_1785154946796.jpg.md","197","9/7/2026 11:39:07 AM"
"D:\MICO_SSOT\KNOWLEDGE_BASE\03_FOTO_PROYEK\FB_IMG_1785156011452.jpg","355056","7/27/2026 7:40:11 PM"
"D:\MICO_SSOT\KNOWLEDGE_BASE\03_FOTO_PROYEK\FB_IMG_1785156011452.jpg.md","197","9/7/2026 11:39:07 AM"
"D:\MICO_SSOT\KNOWLEDGE_BASE\03_FOTO_PROYEK\FB_IMG_1785156109326.jpg","188114","7/27/2026 7:41:49 PM"
"D:\MICO_SSOT\KNOWLEDGE_BASE\03_FOTO_PROYEK\FB_IMG_1785156109326.jpg.md","197","9/7/2026 11:39:07 AM"
"D:\MICO_SSOT\KNOWLEDGE_BASE\03_FOTO_PROYEK\FB_IMG_1785156128687.jpg","123623","7/27/2026 7:42:08 PM"
"D:\MICO_SSOT\KNOWLEDGE_BASE\03_FOTO_PROYEK\FB_IMG_1785156128687.jpg.md","197","9/7/2026 11:39:07 AM"
"D:\MICO_SSOT\KNOWLEDGE_BASE\03_FOTO_PROYEK\FB_IMG_1785156139628.jpg","181181","7/27/2026 7:42:19 PM"
"D:\MICO_SSOT\KNOWLEDGE_BASE\03_FOTO_PROYEK\FB_IMG_1785156139628.jpg.md","197","9/7/2026 11:39:07 AM"
"D:\MICO_SSOT\KNOWLEDGE_BASE\03_FOTO_PROYEK\FB_IMG_1785180126843.jpg","31503","7/28/2026 2:22:06 AM"
"D:\MICO_SSOT\KNOWLEDGE_BASE\03_FOTO_PROYEK\FB_IMG_1785180126843.jpg.md","197","9/7/2026 11:39:07 AM"
"D:\MICO_SSOT\KNOWLEDGE_BASE\03_FOTO_PROYEK\FB_IMG_1785210156637.jpg","190268","7/28/2026 10:42:37 AM"
"D:\MICO_SSOT\KNOWLEDGE_BASE\03_FOTO_PROYEK\FB_IMG_1785210156637.jpg.md","197","9/7/2026 11:39:08 AM"
"D:\MICO_SSOT\KNOWLEDGE_BASE\03_FOTO_PROYEK\FB_IMG_1785210272654.jpg","156669","7/28/2026 10:44:32 AM"
"D:\MICO_SSOT\KNOWLEDGE_BASE\03_FOTO_PROYEK\FB_IMG_1785210272654.jpg.md","197","9/7/2026 11:39:08 AM"
"D:\MICO_SSOT\KNOWLEDGE_BASE\03_FOTO_PROYEK\FB_IMG_1785238362765.jpg","234922","7/28/2026 6:32:42 PM"
"D:\MICO_SSOT\KNOWLEDGE_BASE\03_FOTO_PROYEK\FB_IMG_1785238362765.jpg.md","197","9/7/2026 11:39:08 AM"
"D:\MICO_SSOT\KNOWLEDGE_BASE\03_FOTO_PROYEK\FB_IMG_1785238621511.jpg","179185","7/28/2026 6:37:01 PM"
"D:\MICO_SSOT\KNOWLEDGE_BASE\03_FOTO_PROYEK\FB_IMG_1785238621511.jpg.md","197","9/7/2026 11:39:08 AM"
"D:\MICO_SSOT\KNOWLEDGE_BASE\03_FOTO_PROYEK\FB_IMG_1785238635238.jpg","239228","7/28/2026 6:37:15 PM"
"D:\MICO_SSOT\KNOWLEDGE_BASE\03_FOTO_PROYEK\FB_IMG_1785238635238.jpg.md","197","9/7/2026 11:39:08 AM"
"D:\MICO_SSOT\KNOWLEDGE_BASE\03_FOTO_PROYEK\FB_IMG_1785238636456.jpg","180586","7/28/2026 6:37:16 PM"
"D:\MICO_SSOT\KNOWLEDGE_BASE\03_FOTO_PROYEK\FB_IMG_1785238636456.jpg.md","197","9/7/2026 11:39:08 AM"
"D:\MICO_SSOT\KNOWLEDGE_BASE\03_FOTO_PROYEK\FB_IMG_1785238638500.jpg","177563","7/28/2026 6:37:18 PM"
"D:\MICO_SSOT\KNOWLEDGE_BASE\03_FOTO_PROYEK\FB_IMG_1785238638500.jpg.md","197","9/7/2026 11:39:08 AM"
"D:\MICO_SSOT\KNOWLEDGE_BASE\03_FOTO_PROYEK\FB_IMG_1785238638505.jpg","245371","7/28/2026 6:37:18 PM"
"D:\MICO_SSOT\KNOWLEDGE_BASE\03_FOTO_PROYEK\FB_IMG_1785238638505.jpg.md","197","9/7/2026 11:39:08 AM"
"D:\MICO_SSOT\KNOWLEDGE_BASE\03_FOTO_PROYEK\FB_IMG_1785238640963.jpg","183899","7/28/2026 6:37:20 PM"
"D:\MICO_SSOT\KNOWLEDGE_BASE\03_FOTO_PROYEK\FB_IMG_1785238640963.jpg.md","197","9/7/2026 11:39:08 AM"
"D:\MICO_SSOT\KNOWLEDGE_BASE\03_FOTO_PROYEK\FB_IMG_1785238643001.jpg","176737","7/28/2026 6:37:23 PM"
"D:\MICO_SSOT\KNOWLEDGE_BASE\03_FOTO_PROYEK\FB_IMG_1785238643001.jpg.md","197","9/7/2026 11:39:09 AM"
"D:\MICO_SSOT\KNOWLEDGE_BASE\03_FOTO_PROYEK\FB_IMG_1785238647010.jpg","192084","7/28/2026 6:37:27 PM"
"D:\MICO_SSOT\KNOWLEDGE_BASE\03_FOTO_PROYEK\FB_IMG_1785238647010.jpg.md","197","9/7/2026 11:39:09 AM"
"D:\MICO_SSOT\KNOWLEDGE_BASE\03_FOTO_PROYEK\FB_IMG_1785238648845.jpg","183853","7/28/2026 6:37:28 PM"
"D:\MICO_SSOT\KNOWLEDGE_BASE\03_FOTO_PROYEK\FB_IMG_1785238648845.jpg.md","197","9/7/2026 11:39:09 AM"
"D:\MICO_SSOT\KNOWLEDGE_BASE\03_FOTO_PROYEK\FB_IMG_1785238651718.jpg","216528","7/28/2026 6:37:31 PM"
"D:\MICO_SSOT\KNOWLEDGE_BASE\03_FOTO_PROYEK\FB_IMG_1785238651718.jpg.md","197","9/7/2026 11:39:09 AM"
"D:\MICO_SSOT\KNOWLEDGE_BASE\03_FOTO_PROYEK\FB_IMG_1785238653139.jpg","192326","7/28/2026 6:37:33 PM"
"D:\MICO_SSOT\KNOWLEDGE_BASE\03_FOTO_PROYEK\FB_IMG_1785238653139.jpg.md","197","9/7/2026 11:39:09 AM"
"D:\MICO_SSOT\KNOWLEDGE_BASE\03_FOTO_PROYEK\FB_IMG_1785263527765.jpg","220997","7/29/2026 1:32:07 AM"
"D:\MICO_SSOT\KNOWLEDGE_BASE\03_FOTO_PROYEK\FB_IMG_1785263527765.jpg.md","197","9/7/2026 11:39:09 AM"
"D:\MICO_SSOT\KNOWLEDGE_BASE\03_FOTO_PROYEK\FB_IMG_1785263530076.jpg","259516","7/29/2026 1:32:10 AM"
"D:\MICO_SSOT\KNOWLEDGE_BASE\03_FOTO_PROYEK\FB_IMG_1785263530076.jpg.md","197","9/7/2026 11:39:10 AM"
"D:\MICO_SSOT\KNOWLEDGE_BASE\03_FOTO_PROYEK\FB_IMG_1785263532414.jpg","240949","7/29/2026 1:32:12 AM"
"D:\MICO_SSOT\KNOWLEDGE_BASE\03_FOTO_PROYEK\FB_IMG_1785263532414.jpg.md","197","9/7/2026 11:39:10 AM"
"D:\MICO_SSOT\KNOWLEDGE_BASE\03_FOTO_PROYEK\FB_IMG_1785263534837.jpg","226797","7/29/2026 1:32:14 AM"
"D:\MICO_SSOT\KNOWLEDGE_BASE\03_FOTO_PROYEK\FB_IMG_1785263534837.jpg.md","197","9/7/2026 11:39:10 AM"
"D:\MICO_SSOT\KNOWLEDGE_BASE\03_FOTO_PROYEK\FB_IMG_1785263536636.jpg","228532","7/29/2026 1:32:16 AM"
"D:\MICO_SSOT\KNOWLEDGE_BASE\03_FOTO_PROYEK\FB_IMG_1785263536636.jpg.md","197","9/7/2026 11:39:10 AM"
"D:\MICO_SSOT\KNOWLEDGE_BASE\03_FOTO_PROYEK\FB_IMG_1785263538970.jpg","232238","7/29/2026 1:32:19 AM"
"D:\MICO_SSOT\KNOWLEDGE_BASE\03_FOTO_PROYEK\FB_IMG_1785263538970.jpg.md","197","9/7/2026 11:39:10 AM"
"D:\MICO_SSOT\KNOWLEDGE_BASE\03_FOTO_PROYEK\FB_IMG_1785263540584.jpg","239403","7/29/2026 1:32:20 AM"
"D:\MICO_SSOT\KNOWLEDGE_BASE\03_FOTO_PROYEK\FB_IMG_1785263540584.jpg.md","197","9/7/2026 11:39:10 AM"
"D:\MICO_SSOT\KNOWLEDGE_BASE\03_FOTO_PROYEK\FB_IMG_1785263564570.jpg","216133","7/29/2026 1:32:44 AM"
"D:\MICO_SSOT\KNOWLEDGE_BASE\03_FOTO_PROYEK\FB_IMG_1785263564570.jpg.md","197","9/7/2026 11:39:11 AM"
"D:\MICO_SSOT\KNOWLEDGE_BASE\03_FOTO_PROYEK\FB_IMG_1785263574355.jpg","291814","7/29/2026 1:32:54 AM"
"D:\MICO_SSOT\KNOWLEDGE_BASE\03_FOTO_PROYEK\FB_IMG_1785263574355.jpg.md","197","9/7/2026 11:39:11 AM"
"D:\MICO_SSOT\KNOWLEDGE_BASE\03_FOTO_PROYEK\FB_IMG_1785263585894.jpg","228280","7/29/2026 1:33:05 AM"
"D:\MICO_SSOT\KNOWLEDGE_BASE\03_FOTO_PROYEK\FB_IMG_1785263585894.jpg.md","197","9/7/2026 11:39:11 AM"
"D:\MICO_SSOT\KNOWLEDGE_BASE\03_FOTO_PROYEK\FB_IMG_1785263592584.jpg","175749","7/29/2026 1:33:12 AM"
"D:\MICO_SSOT\KNOWLEDGE_BASE\03_FOTO_PROYEK\FB_IMG_1785263592584.jpg.md","197","9/7/2026 11:39:11 AM"
"D:\MICO_SSOT\KNOWLEDGE_BASE\03_FOTO_PROYEK\FB_IMG_1785263597210.jpg","169821","7/29/2026 1:33:17 AM"
"D:\MICO_SSOT\KNOWLEDGE_BASE\03_FOTO_PROYEK\FB_IMG_1785263597210.jpg.md","197","9/7/2026 11:39:11 AM"
"D:\MICO_SSOT\KNOWLEDGE_BASE\03_FOTO_PROYEK\FB_IMG_1785263603094.jpg","123438","7/29/2026 1:33:23 AM"
"D:\MICO_SSOT\KNOWLEDGE_BASE\03_FOTO_PROYEK\FB_IMG_1785263603094.jpg.md","197","9/7/2026 11:39:11 AM"
"D:\MICO_SSOT\KNOWLEDGE_BASE\03_FOTO_PROYEK\FB_IMG_1785263610806.jpg","163257","7/29/2026 1:33:30 AM"
"D:\MICO_SSOT\KNOWLEDGE_BASE\03_FOTO_PROYEK\FB_IMG_1785263610806.jpg.md","197","9/7/2026 11:39:11 AM"
"D:\MICO_SSOT\KNOWLEDGE_BASE\03_FOTO_PROYEK\FB_IMG_1785263619393.jpg","114812","7/29/2026 1:33:39 AM"
"D:\MICO_SSOT\KNOWLEDGE_BASE\03_FOTO_PROYEK\FB_IMG_1785263619393.jpg.md","197","9/7/2026 11:39:11 AM"
"D:\MICO_SSOT\KNOWLEDGE_BASE\03_FOTO_PROYEK\FB_IMG_1785263625098.jpg","244879","7/29/2026 1:33:45 AM"
"D:\MICO_SSOT\KNOWLEDGE_BASE\03_FOTO_PROYEK\FB_IMG_1785263625098.jpg.md","197","9/7/2026 11:39:11 AM"
"D:\MICO_SSOT\KNOWLEDGE_BASE\03_FOTO_PROYEK\FB_IMG_1785263631235.jpg","204247","7/29/2026 1:33:51 AM"
"D:\MICO_SSOT\KNOWLEDGE_BASE\03_FOTO_PROYEK\FB_IMG_1785263631235.jpg.md","197","9/7/2026 11:39:12 AM"
"D:\MICO_SSOT\KNOWLEDGE_BASE\03_FOTO_PROYEK\FB_IMG_1785263638934.jpg","157893","7/29/2026 1:33:58 AM"
"D:\MICO_SSOT\KNOWLEDGE_BASE\03_FOTO_PROYEK\FB_IMG_1785263638934.jpg.md","197","9/7/2026 11:39:12 AM"
"D:\MICO_SSOT\KNOWLEDGE_BASE\03_FOTO_PROYEK\FB_IMG_1785263645447.jpg","91022","7/29/2026 1:34:05 AM"
"D:\MICO_SSOT\KNOWLEDGE_BASE\03_FOTO_PROYEK\FB_IMG_1785263645447.jpg.md","197","9/7/2026 11:39:12 AM"
"D:\MICO_SSOT\KNOWLEDGE_BASE\03_FOTO_PROYEK\FB_IMG_1785263651300.jpg","98699","7/29/2026 1:34:11 AM"
"D:\MICO_SSOT\KNOWLEDGE_BASE\03_FOTO_PROYEK\FB_IMG_1785263651300.jpg.md","197","9/7/2026 11:39:12 AM"
"D:\MICO_SSOT\KNOWLEDGE_BASE\03_FOTO_PROYEK\FB_IMG_1785263919202.jpg","249503","7/29/2026 1:38:39 AM"
"D:\MICO_SSOT\KNOWLEDGE_BASE\03_FOTO_PROYEK\FB_IMG_1785263919202.jpg.md","197","9/7/2026 11:39:12 AM"
"D:\MICO_SSOT\KNOWLEDGE_BASE\03_FOTO_PROYEK\FB_IMG_1785263925705.jpg","229316","7/29/2026 1:38:45 AM"
"D:\MICO_SSOT\KNOWLEDGE_BASE\03_FOTO_PROYEK\FB_IMG_1785263925705.jpg.md","197","9/7/2026 11:39:12 AM"
"D:\MICO_SSOT\KNOWLEDGE_BASE\03_FOTO_PROYEK\FB_IMG_1785263935617.jpg","209613","7/29/2026 1:38:55 AM"
"D:\MICO_SSOT\KNOWLEDGE_BASE\03_FOTO_PROYEK\FB_IMG_1785263935617.jpg.md","197","9/7/2026 11:39:12 AM"
"D:\MICO_SSOT\KNOWLEDGE_BASE\03_FOTO_PROYEK\FB_IMG_1785263942355.jpg","226498","7/29/2026 1:39:02 AM"
"D:\MICO_SSOT\KNOWLEDGE_BASE\03_FOTO_PROYEK\FB_IMG_1785263942355.jpg.md","197","9/7/2026 11:39:12 AM"
"D:\MICO_SSOT\KNOWLEDGE_BASE\03_FOTO_PROYEK\FB_IMG_1785263950076.jpg","216584","7/29/2026 1:39:10 AM"
"D:\MICO_SSOT\KNOWLEDGE_BASE\03_FOTO_PROYEK\FB_IMG_1785263950076.jpg.md","197","9/7/2026 11:39:12 AM"
"D:\MICO_SSOT\KNOWLEDGE_BASE\03_FOTO_PROYEK\FB_IMG_1785263954322.jpg","199964","7/29/2026 1:39:14 AM"
"D:\MICO_SSOT\KNOWLEDGE_BASE\03_FOTO_PROYEK\FB_IMG_1785263954322.jpg.md","197","9/7/2026 11:39:13 AM"
"D:\MICO_SSOT\KNOWLEDGE_BASE\03_FOTO_PROYEK\FB_IMG_1785263962147.jpg","225394","7/29/2026 1:39:22 AM"
"D:\MICO_SSOT\KNOWLEDGE_BASE\03_FOTO_PROYEK\FB_IMG_1785263962147.jpg.md","197","9/7/2026 11:39:13 AM"
"D:\MICO_SSOT\KNOWLEDGE_BASE\03_FOTO_PROYEK\FB_IMG_1785263971634.jpg","217026","7/29/2026 1:39:31 AM"
"D:\MICO_SSOT\KNOWLEDGE_BASE\03_FOTO_PROYEK\FB_IMG_1785263971634.jpg.md","197","9/7/2026 11:39:13 AM"
"D:\MICO_SSOT\KNOWLEDGE_BASE\03_FOTO_PROYEK\FB_IMG_1785263980439.jpg","213229","7/29/2026 1:39:40 AM"
"D:\MICO_SSOT\KNOWLEDGE_BASE\03_FOTO_PROYEK\FB_IMG_1785263980439.jpg.md","197","9/7/2026 11:39:13 AM"
"D:\MICO_SSOT\KNOWLEDGE_BASE\03_FOTO_PROYEK\FB_IMG_1785263984041.jpg","203734","7/29/2026 1:39:44 AM"
"D:\MICO_SSOT\KNOWLEDGE_BASE\03_FOTO_PROYEK\FB_IMG_1785263984041.jpg.md","197","9/7/2026 11:39:13 AM"
"D:\MICO_SSOT\KNOWLEDGE_BASE\03_FOTO_PROYEK\FB_IMG_1785263995998.jpg","186105","7/29/2026 1:39:56 AM"
"D:\MICO_SSOT\KNOWLEDGE_BASE\03_FOTO_PROYEK\FB_IMG_1785263995998.jpg.md","197","9/7/2026 11:39:13 AM"
"D:\MICO_SSOT\KNOWLEDGE_BASE\03_FOTO_PROYEK\FB_IMG_1785264003788.jpg","224296","7/29/2026 1:40:03 AM"
"D:\MICO_SSOT\KNOWLEDGE_BASE\03_FOTO_PROYEK\FB_IMG_1785264003788.jpg.md","197","9/7/2026 11:39:14 AM"
"D:\MICO_SSOT\KNOWLEDGE_BASE\03_FOTO_PROYEK\FB_IMG_1785264011151.jpg","151175","7/29/2026 1:40:11 AM"
"D:\MICO_SSOT\KNOWLEDGE_BASE\03_FOTO_PROYEK\FB_IMG_1785264011151.jpg.md","197","9/7/2026 11:39:14 AM"
"D:\MICO_SSOT\KNOWLEDGE_BASE\03_FOTO_PROYEK\FB_IMG_1785264016918.jpg","153239","7/29/2026 1:40:16 AM"
"D:\MICO_SSOT\KNOWLEDGE_BASE\03_FOTO_PROYEK\FB_IMG_1785264016918.jpg.md","197","9/7/2026 11:39:14 AM"
"D:\MICO_SSOT\KNOWLEDGE_BASE\03_FOTO_PROYEK\FB_IMG_1785264024057.jpg","133083","7/29/2026 1:40:24 AM"
"D:\MICO_SSOT\KNOWLEDGE_BASE\03_FOTO_PROYEK\FB_IMG_1785264024057.jpg.md","197","9/7/2026 11:39:14 AM"
"D:\MICO_SSOT\KNOWLEDGE_BASE\03_FOTO_PROYEK\FB_IMG_1785264029798.jpg","170087","7/29/2026 1:40:29 AM"
"D:\MICO_SSOT\KNOWLEDGE_BASE\03_FOTO_PROYEK\FB_IMG_1785264029798.jpg.md","197","9/7/2026 11:39:14 AM"
"D:\MICO_SSOT\KNOWLEDGE_BASE\03_FOTO_PROYEK\FB_IMG_1785264035369.jpg","101380","7/29/2026 1:40:35 AM"
"D:\MICO_SSOT\KNOWLEDGE_BASE\03_FOTO_PROYEK\FB_IMG_1785264035369.jpg.md","197","9/7/2026 11:39:14 AM"
"D:\MICO_SSOT\KNOWLEDGE_BASE\03_FOTO_PROYEK\FB_IMG_1785264039383.jpg","198077","7/29/2026 1:40:39 AM"
"D:\MICO_SSOT\KNOWLEDGE_BASE\03_FOTO_PROYEK\FB_IMG_1785264039383.jpg.md","197","9/7/2026 11:39:14 AM"
"D:\MICO_SSOT\KNOWLEDGE_BASE\03_FOTO_PROYEK\FB_IMG_1785264045241.jpg","197109","7/29/2026 1:40:45 AM"
"D:\MICO_SSOT\KNOWLEDGE_BASE\03_FOTO_PROYEK\FB_IMG_1785264045241.jpg.md","197","9/7/2026 11:39:15 AM"
"D:\MICO_SSOT\KNOWLEDGE_BASE\03_FOTO_PROYEK\FB_IMG_1785264050523.jpg","166220","7/29/2026 1:40:50 AM"
"D:\MICO_SSOT\KNOWLEDGE_BASE\03_FOTO_PROYEK\FB_IMG_1785264050523.jpg.md","197","9/7/2026 11:39:15 AM"
"D:\MICO_SSOT\KNOWLEDGE_BASE\03_FOTO_PROYEK\FB_IMG_1785298816714.jpg","230085","7/29/2026 11:20:16 AM"
"D:\MICO_SSOT\KNOWLEDGE_BASE\03_FOTO_PROYEK\FB_IMG_1785298816714.jpg.md","197","9/7/2026 11:39:15 AM"
"D:\MICO_SSOT\KNOWLEDGE_BASE\03_FOTO_PROYEK\FB_IMG_1785381444546.jpg","198260","7/30/2026 10:17:24 AM"
"D:\MICO_SSOT\KNOWLEDGE_BASE\03_FOTO_PROYEK\FB_IMG_1785381444546.jpg.md","197","9/7/2026 11:39:15 AM"
"D:\MICO_SSOT\KNOWLEDGE_BASE\03_FOTO_PROYEK\FB_IMG_1785381475646.jpg","200237","7/30/2026 10:17:55 AM"
"D:\MICO_SSOT\KNOWLEDGE_BASE\03_FOTO_PROYEK\FB_IMG_1785381475646.jpg.md","197","9/7/2026 11:39:15 AM"
"D:\MICO_SSOT\KNOWLEDGE_BASE\03_FOTO_PROYEK\FB_IMG_1785420269773.jpg","196769","7/30/2026 9:04:29 PM"
"D:\MICO_SSOT\KNOWLEDGE_BASE\03_FOTO_PROYEK\FB_IMG_1785420269773.jpg.md","197","9/7/2026 11:39:15 AM"
"D:\MICO_SSOT\KNOWLEDGE_BASE\03_FOTO_PROYEK\FB_IMG_1785420346301.jpg","197301","7/30/2026 9:05:46 PM"
"D:\MICO_SSOT\KNOWLEDGE_BASE\03_FOTO_PROYEK\FB_IMG_1785420346301.jpg.md","197","9/7/2026 11:39:15 AM"
"D:\MICO_SSOT\KNOWLEDGE_BASE\03_FOTO_PROYEK\FB_IMG_1785422765552.jpg","215532","7/30/2026 9:46:05 PM"
"D:\MICO_SSOT\KNOWLEDGE_BASE\03_FOTO_PROYEK\FB_IMG_1785422765552.jpg.md","197","9/7/2026 11:39:15 AM"
"D:\MICO_SSOT\KNOWLEDGE_BASE\03_FOTO_PROYEK\FB_IMG_1785422803619.jpg","204293","7/30/2026 9:46:43 PM"
"D:\MICO_SSOT\KNOWLEDGE_BASE\03_FOTO_PROYEK\FB_IMG_1785422803619.jpg.md","197","9/7/2026 11:39:16 AM"
"D:\MICO_SSOT\KNOWLEDGE_BASE\03_FOTO_PROYEK\FB_IMG_1785422815835.jpg","173626","7/30/2026 9:46:55 PM"
"D:\MICO_SSOT\KNOWLEDGE_BASE\03_FOTO_PROYEK\FB_IMG_1785422815835.jpg.md","197","9/7/2026 11:39:16 AM"
"D:\MICO_SSOT\KNOWLEDGE_BASE\03_FOTO_PROYEK\FB_IMG_1785422826430.jpg","235572","7/30/2026 9:47:06 PM"
"D:\MICO_SSOT\KNOWLEDGE_BASE\03_FOTO_PROYEK\FB_IMG_1785422826430.jpg.md","197","9/7/2026 11:39:16 AM"
"D:\MICO_SSOT\KNOWLEDGE_BASE\03_FOTO_PROYEK\FB_IMG_1785422844712.jpg","297015","7/30/2026 9:47:24 PM"
"D:\MICO_SSOT\KNOWLEDGE_BASE\03_FOTO_PROYEK\FB_IMG_1785422844712.jpg.md","197","9/7/2026 11:39:16 AM"
"D:\MICO_SSOT\KNOWLEDGE_BASE\03_FOTO_PROYEK\FB_IMG_1785422853453.jpg","158392","7/30/2026 9:47:33 PM"
"D:\MICO_SSOT\KNOWLEDGE_BASE\03_FOTO_PROYEK\FB_IMG_1785422853453.jpg.md","197","9/7/2026 11:39:16 AM"
"D:\MICO_SSOT\KNOWLEDGE_BASE\03_FOTO_PROYEK\FB_IMG_1785422884349.jpg","147927","7/30/2026 9:48:04 PM"
"D:\MICO_SSOT\KNOWLEDGE_BASE\03_FOTO_PROYEK\FB_IMG_1785422884349.jpg.md","197","9/7/2026 11:39:16 AM"
"D:\MICO_SSOT\KNOWLEDGE_BASE\03_FOTO_PROYEK\FB_IMG_1785422892081.jpg","192465","7/30/2026 9:48:12 PM"
"D:\MICO_SSOT\KNOWLEDGE_BASE\03_FOTO_PROYEK\FB_IMG_1785422892081.jpg.md","197","9/7/2026 11:39:16 AM"
"D:\MICO_SSOT\KNOWLEDGE_BASE\03_FOTO_PROYEK\FB_IMG_1785422909846.jpg","162339","7/30/2026 9:48:29 PM"
"D:\MICO_SSOT\KNOWLEDGE_BASE\03_FOTO_PROYEK\FB_IMG_1785422909846.jpg.md","197","9/7/2026 11:39:16 AM"
"D:\MICO_SSOT\KNOWLEDGE_BASE\03_FOTO_PROYEK\FB_IMG_1785422915035.jpg","136530","7/30/2026 9:48:35 PM"
"D:\MICO_SSOT\KNOWLEDGE_BASE\03_FOTO_PROYEK\FB_IMG_1785422915035.jpg.md","197","9/7/2026 11:39:16 AM"
"D:\MICO_SSOT\KNOWLEDGE_BASE\03_FOTO_PROYEK\FB_IMG_1785422938825.jpg","98016","7/30/2026 9:48:58 PM"
"D:\MICO_SSOT\KNOWLEDGE_BASE\03_FOTO_PROYEK\FB_IMG_1785422938825.jpg.md","197","9/7/2026 11:39:16 AM"
"D:\MICO_SSOT\KNOWLEDGE_BASE\03_FOTO_PROYEK\FB_IMG_1785422940424.jpg","63766","7/30/2026 9:49:00 PM"
"D:\MICO_SSOT\KNOWLEDGE_BASE\03_FOTO_PROYEK\FB_IMG_1785422940424.jpg.md","197","9/7/2026 11:39:17 AM"
"D:\MICO_SSOT\KNOWLEDGE_BASE\03_FOTO_PROYEK\FB_IMG_1785422944714.jpg","76773","7/30/2026 9:49:04 PM"
"D:\MICO_SSOT\KNOWLEDGE_BASE\03_FOTO_PROYEK\FB_IMG_1785422944714.jpg.md","197","9/7/2026 11:39:17 AM"
"D:\MICO_SSOT\KNOWLEDGE_BASE\03_FOTO_PROYEK\FB_IMG_1785422948967.jpg","76413","7/30/2026 9:49:08 PM"
"D:\MICO_SSOT\KNOWLEDGE_BASE\03_FOTO_PROYEK\FB_IMG_1785422948967.jpg.md","197","9/7/2026 11:39:17 AM"
"D:\MICO_SSOT\KNOWLEDGE_BASE\03_FOTO_PROYEK\FB_IMG_1785422951701.jpg","85380","7/30/2026 9:49:11 PM"
"D:\MICO_SSOT\KNOWLEDGE_BASE\03_FOTO_PROYEK\FB_IMG_1785422951701.jpg.md","197","9/7/2026 11:39:17 AM"
"D:\MICO_SSOT\KNOWLEDGE_BASE\03_FOTO_PROYEK\FB_IMG_1785422956840.jpg","124432","7/30/2026 9:49:16 PM"
"D:\MICO_SSOT\KNOWLEDGE_BASE\03_FOTO_PROYEK\FB_IMG_1785422956840.jpg.md","197","9/7/2026 11:39:17 AM"
"D:\MICO_SSOT\KNOWLEDGE_BASE\03_FOTO_PROYEK\FB_IMG_1785422959332.jpg","135877","7/30/2026 9:49:19 PM"
"D:\MICO_SSOT\KNOWLEDGE_BASE\03_FOTO_PROYEK\FB_IMG_1785422959332.jpg.md","197","9/7/2026 11:39:17 AM"
"D:\MICO_SSOT\KNOWLEDGE_BASE\03_FOTO_PROYEK\FB_IMG_1785422961371.jpg","115943","7/30/2026 9:49:21 PM"
"D:\MICO_SSOT\KNOWLEDGE_BASE\03_FOTO_PROYEK\FB_IMG_1785422961371.jpg.md","197","9/7/2026 11:39:17 AM"
"D:\MICO_SSOT\KNOWLEDGE_BASE\03_FOTO_PROYEK\FB_IMG_1785422988360.jpg","156597","7/30/2026 9:49:48 PM"
"D:\MICO_SSOT\KNOWLEDGE_BASE\03_FOTO_PROYEK\FB_IMG_1785422988360.jpg.md","197","9/7/2026 11:39:17 AM"
"D:\MICO_SSOT\KNOWLEDGE_BASE\03_FOTO_PROYEK\FB_IMG_1785423004600.jpg","157534","7/30/2026 9:50:04 PM"
"D:\MICO_SSOT\KNOWLEDGE_BASE\03_FOTO_PROYEK\FB_IMG_1785423004600.jpg.md","197","9/7/2026 11:39:17 AM"
"D:\MICO_SSOT\KNOWLEDGE_BASE\03_FOTO_PROYEK\FB_IMG_1785423023427.jpg","223561","7/30/2026 9:50:23 PM"
"D:\MICO_SSOT\KNOWLEDGE_BASE\03_FOTO_PROYEK\FB_IMG_1785423023427.jpg.md","197","9/7/2026 11:39:18 AM"
"D:\MICO_SSOT\KNOWLEDGE_BASE\03_FOTO_PROYEK\FB_IMG_1785423036745.jpg","208939","7/30/2026 9:50:36 PM"
"D:\MICO_SSOT\KNOWLEDGE_BASE\03_FOTO_PROYEK\FB_IMG_1785423036745.jpg.md","197","9/7/2026 11:39:18 AM"
"D:\MICO_SSOT\KNOWLEDGE_BASE\03_FOTO_PROYEK\FB_IMG_1785423050857.jpg","52779","7/30/2026 9:50:50 PM"
"D:\MICO_SSOT\KNOWLEDGE_BASE\03_FOTO_PROYEK\FB_IMG_1785423050857.jpg.md","197","9/7/2026 11:39:18 AM"
"D:\MICO_SSOT\KNOWLEDGE_BASE\03_FOTO_PROYEK\FB_IMG_1785423053247.jpg","50999","7/30/2026 9:50:53 PM"
"D:\MICO_SSOT\KNOWLEDGE_BASE\03_FOTO_PROYEK\FB_IMG_1785423053247.jpg.md","197","9/7/2026 11:39:18 AM"
"D:\MICO_SSOT\KNOWLEDGE_BASE\03_FOTO_PROYEK\FB_IMG_1785423055437.jpg","50498","7/30/2026 9:50:55 PM"
"D:\MICO_SSOT\KNOWLEDGE_BASE\03_FOTO_PROYEK\FB_IMG_1785423055437.jpg.md","197","9/7/2026 11:39:18 AM"
"D:\MICO_SSOT\KNOWLEDGE_BASE\03_FOTO_PROYEK\FB_IMG_1785423057510.jpg","43628","7/30/2026 9:50:57 PM"
"D:\MICO_SSOT\KNOWLEDGE_BASE\03_FOTO_PROYEK\FB_IMG_1785423057510.jpg.md","197","9/7/2026 11:39:18 AM"
"D:\MICO_SSOT\KNOWLEDGE_BASE\03_FOTO_PROYEK\FB_IMG_1785423059552.jpg","47313","7/30/2026 9:50:59 PM"
"D:\MICO_SSOT\KNOWLEDGE_BASE\03_FOTO_PROYEK\FB_IMG_1785423059552.jpg.md","197","9/7/2026 11:39:18 AM"
"D:\MICO_SSOT\KNOWLEDGE_BASE\03_FOTO_PROYEK\FB_IMG_1785423061730.jpg","45899","7/30/2026 9:51:01 PM"
"D:\MICO_SSOT\KNOWLEDGE_BASE\03_FOTO_PROYEK\FB_IMG_1785423061730.jpg.md","197","9/7/2026 11:39:19 AM"
"D:\MICO_SSOT\KNOWLEDGE_BASE\03_FOTO_PROYEK\FB_IMG_1785423063902.jpg","48838","7/30/2026 9:51:03 PM"
"D:\MICO_SSOT\KNOWLEDGE_BASE\03_FOTO_PROYEK\FB_IMG_1785423063902.jpg.md","197","9/7/2026 11:39:19 AM"
"D:\MICO_SSOT\KNOWLEDGE_BASE\03_FOTO_PROYEK\FB_IMG_1785423068279.jpg","51843","7/30/2026 9:51:08 PM"
"D:\MICO_SSOT\KNOWLEDGE_BASE\03_FOTO_PROYEK\FB_IMG_1785423068279.jpg.md","197","9/7/2026 11:39:19 AM"
"D:\MICO_SSOT\KNOWLEDGE_BASE\03_FOTO_PROYEK\FB_IMG_1785423070569.jpg","50047","7/30/2026 9:51:10 PM"
"D:\MICO_SSOT\KNOWLEDGE_BASE\03_FOTO_PROYEK\FB_IMG_1785423070569.jpg.md","197","9/7/2026 11:39:19 AM"
"D:\MICO_SSOT\KNOWLEDGE_BASE\03_FOTO_PROYEK\FB_IMG_1785423072741.jpg","48771","7/30/2026 9:51:12 PM"
"D:\MICO_SSOT\KNOWLEDGE_BASE\03_FOTO_PROYEK\FB_IMG_1785423072741.jpg.md","197","9/7/2026 11:39:19 AM"
"D:\MICO_SSOT\KNOWLEDGE_BASE\03_FOTO_PROYEK\FB_IMG_1785423074766.jpg","48049","7/30/2026 9:51:14 PM"
"D:\MICO_SSOT\KNOWLEDGE_BASE\03_FOTO_PROYEK\FB_IMG_1785423074766.jpg.md","197","9/7/2026 11:39:19 AM"
"D:\MICO_SSOT\KNOWLEDGE_BASE\03_FOTO_PROYEK\FB_IMG_1785423078915.jpg","56280","7/30/2026 9:51:18 PM"
"D:\MICO_SSOT\KNOWLEDGE_BASE\03_FOTO_PROYEK\FB_IMG_1785423078915.jpg.md","197","9/7/2026 11:39:19 AM"
"D:\MICO_SSOT\KNOWLEDGE_BASE\03_FOTO_PROYEK\FB_IMG_1785423082200.jpg","50183","7/30/2026 9:51:22 PM"
"D:\MICO_SSOT\KNOWLEDGE_BASE\03_FOTO_PROYEK\FB_IMG_1785423082200.jpg.md","197","9/7/2026 11:39:20 AM"
"D:\MICO_SSOT\KNOWLEDGE_BASE\03_FOTO_PROYEK\FB_IMG_1785423094106.jpg","217460","7/30/2026 9:51:34 PM"
"D:\MICO_SSOT\KNOWLEDGE_BASE\03_FOTO_PROYEK\FB_IMG_1785423094106.jpg.md","197","9/7/2026 11:39:20 AM"
"D:\MICO_SSOT\KNOWLEDGE_BASE\03_FOTO_PROYEK\FB_IMG_1785423513702.jpg","155316","7/30/2026 9:58:33 PM"
"D:\MICO_SSOT\KNOWLEDGE_BASE\03_FOTO_PROYEK\FB_IMG_1785423513702.jpg.md","197","9/7/2026 11:39:20 AM"
"D:\MICO_SSOT\KNOWLEDGE_BASE\03_FOTO_PROYEK\FB_IMG_1785423692297.jpg","109489","7/30/2026 10:01:32 PM"
"D:\MICO_SSOT\KNOWLEDGE_BASE\03_FOTO_PROYEK\FB_IMG_1785423692297.jpg.md","197","9/7/2026 11:39:20 AM"
"D:\MICO_SSOT\KNOWLEDGE_BASE\03_FOTO_PROYEK\FB_IMG_1785423735386.jpg","191509","7/30/2026 10:02:15 PM"
"D:\MICO_SSOT\KNOWLEDGE_BASE\03_FOTO_PROYEK\FB_IMG_1785423735386.jpg.md","197","9/7/2026 11:39:20 AM"
"D:\MICO_SSOT\KNOWLEDGE_BASE\03_FOTO_PROYEK\FB_IMG_1785423761101.jpg","204897","7/30/2026 10:02:41 PM"
"D:\MICO_SSOT\KNOWLEDGE_BASE\03_FOTO_PROYEK\FB_IMG_1785423761101.jpg.md","197","9/7/2026 11:39:20 AM"
"D:\MICO_SSOT\KNOWLEDGE_BASE\03_FOTO_PROYEK\FB_IMG_1785423799819.jpg","254303","7/30/2026 10:03:19 PM"
"D:\MICO_SSOT\KNOWLEDGE_BASE\03_FOTO_PROYEK\FB_IMG_1785423799819.jpg.md","197","9/7/2026 11:39:20 AM"
"D:\MICO_SSOT\KNOWLEDGE_BASE\03_FOTO_PROYEK\FB_IMG_1785423916572.jpg","140664","7/30/2026 10:05:16 PM"
"D:\MICO_SSOT\KNOWLEDGE_BASE\03_FOTO_PROYEK\FB_IMG_1785423916572.jpg.md","197","9/7/2026 11:39:21 AM"
"D:\MICO_SSOT\KNOWLEDGE_BASE\03_FOTO_PROYEK\FB_IMG_1785423966389.jpg","137527","7/30/2026 10:06:06 PM"
"D:\MICO_SSOT\KNOWLEDGE_BASE\03_FOTO_PROYEK\FB_IMG_1785423966389.jpg.md","197","9/7/2026 11:39:21 AM"
"D:\MICO_SSOT\KNOWLEDGE_BASE\03_FOTO_PROYEK\FB_IMG_1785423969649.jpg","131862","7/30/2026 10:06:09 PM"
"D:\MICO_SSOT\KNOWLEDGE_BASE\03_FOTO_PROYEK\FB_IMG_1785423969649.jpg.md","197","9/7/2026 11:39:21 AM"
"D:\MICO_SSOT\KNOWLEDGE_BASE\03_FOTO_PROYEK\FB_IMG_1785423971458.jpg","132446","7/30/2026 10:06:11 PM"
"D:\MICO_SSOT\KNOWLEDGE_BASE\03_FOTO_PROYEK\FB_IMG_1785423971458.jpg.md","197","9/7/2026 11:39:21 AM"
"D:\MICO_SSOT\KNOWLEDGE_BASE\03_FOTO_PROYEK\FB_IMG_1785423973559.jpg","154035","7/30/2026 10:06:13 PM"
"D:\MICO_SSOT\KNOWLEDGE_BASE\03_FOTO_PROYEK\FB_IMG_1785423973559.jpg.md","197","9/7/2026 11:39:21 AM"
"D:\MICO_SSOT\KNOWLEDGE_BASE\03_FOTO_PROYEK\FB_IMG_1785423988524.jpg","122235","7/30/2026 10:06:28 PM"
"D:\MICO_SSOT\KNOWLEDGE_BASE\03_FOTO_PROYEK\FB_IMG_1785423988524.jpg.md","197","9/7/2026 11:39:21 AM"
"D:\MICO_SSOT\KNOWLEDGE_BASE\03_FOTO_PROYEK\FB_IMG_1785423991035.jpg","85636","7/30/2026 10:06:31 PM"
"D:\MICO_SSOT\KNOWLEDGE_BASE\03_FOTO_PROYEK\FB_IMG_1785423991035.jpg.md","197","9/7/2026 11:39:21 AM"
"D:\MICO_SSOT\KNOWLEDGE_BASE\03_FOTO_PROYEK\FB_IMG_1785423993476.jpg","158884","7/30/2026 10:06:33 PM"
"D:\MICO_SSOT\KNOWLEDGE_BASE\03_FOTO_PROYEK\FB_IMG_1785423993476.jpg.md","197","9/7/2026 11:39:21 AM"
"D:\MICO_SSOT\KNOWLEDGE_BASE\03_FOTO_PROYEK\FB_IMG_1785423995382.jpg","154635","7/30/2026 10:06:35 PM"
"D:\MICO_SSOT\KNOWLEDGE_BASE\03_FOTO_PROYEK\FB_IMG_1785423995382.jpg.md","197","9/7/2026 11:39:21 AM"
"D:\MICO_SSOT\KNOWLEDGE_BASE\03_FOTO_PROYEK\FB_IMG_1785423999983.jpg","124573","7/30/2026 10:06:40 PM"
"D:\MICO_SSOT\KNOWLEDGE_BASE\03_FOTO_PROYEK\FB_IMG_1785423999983.jpg.md","197","9/7/2026 11:39:21 AM"
"D:\MICO_SSOT\KNOWLEDGE_BASE\03_FOTO_PROYEK\FB_IMG_1785424001962.jpg","112841","7/30/2026 10:06:41 PM"
"D:\MICO_SSOT\KNOWLEDGE_BASE\03_FOTO_PROYEK\FB_IMG_1785424001962.jpg.md","197","9/7/2026 11:39:22 AM"
"D:\MICO_SSOT\KNOWLEDGE_BASE\03_FOTO_PROYEK\FB_IMG_1785424004025.jpg","126847","7/30/2026 10:06:44 PM"
"D:\MICO_SSOT\KNOWLEDGE_BASE\03_FOTO_PROYEK\FB_IMG_1785424004025.jpg.md","197","9/7/2026 11:39:22 AM"
"D:\MICO_SSOT\KNOWLEDGE_BASE\03_FOTO_PROYEK\FB_IMG_1785424006559.jpg","117469","7/30/2026 10:06:46 PM"
"D:\MICO_SSOT\KNOWLEDGE_BASE\03_FOTO_PROYEK\FB_IMG_1785424006559.jpg.md","197","9/7/2026 11:39:22 AM"
"D:\MICO_SSOT\KNOWLEDGE_BASE\03_FOTO_PROYEK\FB_IMG_1785424008616.jpg","138468","7/30/2026 10:06:48 PM"
"D:\MICO_SSOT\KNOWLEDGE_BASE\03_FOTO_PROYEK\FB_IMG_1785424008616.jpg.md","197","9/7/2026 11:39:22 AM"
"D:\MICO_SSOT\KNOWLEDGE_BASE\03_FOTO_PROYEK\FB_IMG_1785424010385.jpg","115513","7/30/2026 10:06:50 PM"
"D:\MICO_SSOT\KNOWLEDGE_BASE\03_FOTO_PROYEK\FB_IMG_1785424010385.jpg.md","197","9/7/2026 11:39:22 AM"
"D:\MICO_SSOT\KNOWLEDGE_BASE\03_FOTO_PROYEK\FB_IMG_1785424012481.jpg","101560","7/30/2026 10:06:52 PM"
"D:\MICO_SSOT\KNOWLEDGE_BASE\03_FOTO_PROYEK\FB_IMG_1785424012481.jpg.md","197","9/7/2026 11:39:22 AM"
"D:\MICO_SSOT\KNOWLEDGE_BASE\03_FOTO_PROYEK\FB_IMG_1785424014506.jpg","106443","7/30/2026 10:06:54 PM"
"D:\MICO_SSOT\KNOWLEDGE_BASE\03_FOTO_PROYEK\FB_IMG_1785424014506.jpg.md","197","9/7/2026 11:39:22 AM"
"D:\MICO_SSOT\KNOWLEDGE_BASE\03_FOTO_PROYEK\FB_IMG_1785424016498.jpg","124241","7/30/2026 10:06:56 PM"
"D:\MICO_SSOT\KNOWLEDGE_BASE\03_FOTO_PROYEK\FB_IMG_1785424016498.jpg.md","197","9/7/2026 11:39:22 AM"
"D:\MICO_SSOT\KNOWLEDGE_BASE\03_FOTO_PROYEK\FB_IMG_1785424018476.jpg","119854","7/30/2026 10:06:58 PM"
"D:\MICO_SSOT\KNOWLEDGE_BASE\03_FOTO_PROYEK\FB_IMG_1785424018476.jpg.md","197","9/7/2026 11:39:22 AM"
"D:\MICO_SSOT\KNOWLEDGE_BASE\03_FOTO_PROYEK\FB_IMG_1785424020610.jpg","111581","7/30/2026 10:07:00 PM"
"D:\MICO_SSOT\KNOWLEDGE_BASE\03_FOTO_PROYEK\FB_IMG_1785424020610.jpg.md","197","9/7/2026 11:39:22 AM"
"D:\MICO_SSOT\KNOWLEDGE_BASE\03_FOTO_PROYEK\FB_IMG_1785424022500.jpg","83740","7/30/2026 10:07:02 PM"
"D:\MICO_SSOT\KNOWLEDGE_BASE\03_FOTO_PROYEK\FB_IMG_1785424022500.jpg.md","197","9/7/2026 11:39:23 AM"
"D:\MICO_SSOT\KNOWLEDGE_BASE\03_FOTO_PROYEK\FB_IMG_1785424025074.jpg","111759","7/30/2026 10:07:05 PM"
"D:\MICO_SSOT\KNOWLEDGE_BASE\03_FOTO_PROYEK\FB_IMG_1785424025074.jpg.md","197","9/7/2026 11:39:23 AM"
"D:\MICO_SSOT\KNOWLEDGE_BASE\03_FOTO_PROYEK\FB_IMG_1785424026686.jpg","130527","7/30/2026 10:07:06 PM"
"D:\MICO_SSOT\KNOWLEDGE_BASE\03_FOTO_PROYEK\FB_IMG_1785424026686.jpg.md","197","9/7/2026 11:39:23 AM"
"D:\MICO_SSOT\KNOWLEDGE_BASE\03_FOTO_PROYEK\FB_IMG_1785424028841.jpg","43742","7/30/2026 10:07:08 PM"
"D:\MICO_SSOT\KNOWLEDGE_BASE\03_FOTO_PROYEK\FB_IMG_1785424028841.jpg.md","197","9/7/2026 11:39:23 AM"
"D:\MICO_SSOT\KNOWLEDGE_BASE\03_FOTO_PROYEK\FB_IMG_1785424927916.jpg","145101","7/30/2026 10:22:08 PM"
"D:\MICO_SSOT\KNOWLEDGE_BASE\03_FOTO_PROYEK\FB_IMG_1785424927916.jpg.md","197","9/7/2026 11:39:23 AM"
"D:\MICO_SSOT\KNOWLEDGE_BASE\03_FOTO_PROYEK\FB_IMG_1785427078290.jpg","156198","7/30/2026 10:57:58 PM"
"D:\MICO_SSOT\KNOWLEDGE_BASE\03_FOTO_PROYEK\FB_IMG_1785427078290.jpg.md","197","9/7/2026 11:39:23 AM"
"D:\MICO_SSOT\KNOWLEDGE_BASE\03_FOTO_PROYEK\FB_IMG_1785465883477.jpg","167212","7/31/2026 9:44:43 AM"
"D:\MICO_SSOT\KNOWLEDGE_BASE\03_FOTO_PROYEK\FB_IMG_1785465883477.jpg.md","197","9/7/2026 11:39:23 AM"
"D:\MICO_SSOT\KNOWLEDGE_BASE\03_FOTO_PROYEK\FB_IMG_1785469596571.jpg","164446","7/31/2026 10:46:36 AM"
"D:\MICO_SSOT\KNOWLEDGE_BASE\03_FOTO_PROYEK\FB_IMG_1785469596571.jpg.md","197","9/7/2026 11:39:23 AM"
"D:\MICO_SSOT\KNOWLEDGE_BASE\03_FOTO_PROYEK\FB_IMG_1785469598735.jpg","149252","7/31/2026 10:46:38 AM"
"D:\MICO_SSOT\KNOWLEDGE_BASE\03_FOTO_PROYEK\FB_IMG_1785469598735.jpg.md","197","9/7/2026 11:39:23 AM"
"D:\MICO_SSOT\KNOWLEDGE_BASE\03_FOTO_PROYEK\FB_IMG_1785469601149.jpg","188341","7/31/2026 10:46:41 AM"
"D:\MICO_SSOT\KNOWLEDGE_BASE\03_FOTO_PROYEK\FB_IMG_1785469601149.jpg.md","197","9/7/2026 11:39:24 AM"
"D:\MICO_SSOT\KNOWLEDGE_BASE\03_FOTO_PROYEK\FB_IMG_1785469603522.jpg","239800","7/31/2026 10:46:43 AM"
"D:\MICO_SSOT\KNOWLEDGE_BASE\03_FOTO_PROYEK\FB_IMG_1785469603522.jpg.md","197","9/7/2026 11:39:24 AM"
"D:\MICO_SSOT\KNOWLEDGE_BASE\03_FOTO_PROYEK\FB_IMG_1785497300940.jpg","178089","7/31/2026 6:28:20 PM"
"D:\MICO_SSOT\KNOWLEDGE_BASE\03_FOTO_PROYEK\FB_IMG_1785497300940.jpg.md","197","9/7/2026 11:39:24 AM"
"D:\MICO_SSOT\KNOWLEDGE_BASE\03_FOTO_PROYEK\FB_IMG_1785497307538.jpg","138925","7/31/2026 6:28:27 PM"
"D:\MICO_SSOT\KNOWLEDGE_BASE\03_FOTO_PROYEK\FB_IMG_1785497307538.jpg.md","197","9/7/2026 11:39:24 AM"
"D:\MICO_SSOT\KNOWLEDGE_BASE\03_FOTO_PROYEK\FB_IMG_1785499238958.jpg","172405","7/31/2026 7:00:38 PM"
"D:\MICO_SSOT\KNOWLEDGE_BASE\03_FOTO_PROYEK\FB_IMG_1785499238958.jpg.md","197","9/7/2026 11:39:24 AM"
"D:\MICO_SSOT\KNOWLEDGE_BASE\03_FOTO_PROYEK\FB_IMG_1785499245215.jpg","136494","7/31/2026 7:00:45 PM"
"D:\MICO_SSOT\KNOWLEDGE_BASE\03_FOTO_PROYEK\FB_IMG_1785499245215.jpg.md","197","9/7/2026 11:39:24 AM"
"D:\MICO_SSOT\KNOWLEDGE_BASE\03_FOTO_PROYEK\FB_IMG_1785499251159.jpg","159207","7/31/2026 7:00:51 PM"
"D:\MICO_SSOT\KNOWLEDGE_BASE\03_FOTO_PROYEK\FB_IMG_1785499251159.jpg.md","197","9/7/2026 11:39:24 AM"
"D:\MICO_SSOT\KNOWLEDGE_BASE\03_FOTO_PROYEK\FB_IMG_1785499255080.jpg","170607","7/31/2026 7:00:55 PM"
"D:\MICO_SSOT\KNOWLEDGE_BASE\03_FOTO_PROYEK\FB_IMG_1785499255080.jpg.md","197","9/7/2026 11:39:25 AM"
"D:\MICO_SSOT\KNOWLEDGE_BASE\03_FOTO_PROYEK\FB_IMG_1785500004430.jpg","252409","7/31/2026 7:13:24 PM"
"D:\MICO_SSOT\KNOWLEDGE_BASE\03_FOTO_PROYEK\FB_IMG_1785500004430.jpg.md","197","9/7/2026 11:39:25 AM"
"D:\MICO_SSOT\KNOWLEDGE_BASE\03_FOTO_PROYEK\FB_IMG_1785503071683.jpg","220969","7/31/2026 8:04:31 PM"
"D:\MICO_SSOT\KNOWLEDGE_BASE\03_FOTO_PROYEK\FB_IMG_1785503071683.jpg.md","197","9/7/2026 11:39:25 AM"
"D:\MICO_SSOT\KNOWLEDGE_BASE\03_FOTO_PROYEK\FB_IMG_1785503074592.jpg","259783","7/31/2026 8:04:34 PM"
"D:\MICO_SSOT\KNOWLEDGE_BASE\03_FOTO_PROYEK\FB_IMG_1785503074592.jpg.md","197","9/7/2026 11:39:25 AM"
"D:\MICO_SSOT\KNOWLEDGE_BASE\03_FOTO_PROYEK\FB_IMG_1785503076944.jpg","240757","7/31/2026 8:04:36 PM"
"D:\MICO_SSOT\KNOWLEDGE_BASE\03_FOTO_PROYEK\FB_IMG_1785503076944.jpg.md","197","9/7/2026 11:39:25 AM"
"D:\MICO_SSOT\KNOWLEDGE_BASE\03_FOTO_PROYEK\FB_IMG_1785503079102.jpg","226566","7/31/2026 8:04:39 PM"
"D:\MICO_SSOT\KNOWLEDGE_BASE\03_FOTO_PROYEK\FB_IMG_1785503079102.jpg.md","197","9/7/2026 11:39:25 AM"
"D:\MICO_SSOT\KNOWLEDGE_BASE\03_FOTO_PROYEK\FB_IMG_1785503081213.jpg","228191","7/31/2026 8:04:41 PM"
"D:\MICO_SSOT\KNOWLEDGE_BASE\03_FOTO_PROYEK\FB_IMG_1785503081213.jpg.md","197","9/7/2026 11:39:25 AM"
"D:\MICO_SSOT\KNOWLEDGE_BASE\03_FOTO_PROYEK\FB_IMG_1785503083219.jpg","232160","7/31/2026 8:04:43 PM"
"D:\MICO_SSOT\KNOWLEDGE_BASE\03_FOTO_PROYEK\FB_IMG_1785503083219.jpg.md","197","9/7/2026 11:39:26 AM"
"D:\MICO_SSOT\KNOWLEDGE_BASE\03_FOTO_PROYEK\FB_IMG_1785503085336.jpg","239044","7/31/2026 8:04:45 PM"
"D:\MICO_SSOT\KNOWLEDGE_BASE\03_FOTO_PROYEK\FB_IMG_1785503085336.jpg.md","197","9/7/2026 11:39:26 AM"
"D:\MICO_SSOT\KNOWLEDGE_BASE\03_FOTO_PROYEK\FB_IMG_1785792632403.jpg","125811","8/4/2026 4:30:32 AM"
"D:\MICO_SSOT\KNOWLEDGE_BASE\03_FOTO_PROYEK\FB_IMG_1785792632403.jpg.md","197","9/7/2026 11:39:26 AM"
"D:\MICO_SSOT\KNOWLEDGE_BASE\03_FOTO_PROYEK\FB_IMG_1785792635094.jpg","114448","8/4/2026 4:30:35 AM"
"D:\MICO_SSOT\KNOWLEDGE_BASE\03_FOTO_PROYEK\FB_IMG_1785792635094.jpg.md","197","9/7/2026 11:39:26 AM"
"D:\MICO_SSOT\KNOWLEDGE_BASE\03_FOTO_PROYEK\FB_IMG_1785792640701.jpg","112695","8/4/2026 4:30:40 AM"
"D:\MICO_SSOT\KNOWLEDGE_BASE\03_FOTO_PROYEK\FB_IMG_1785792640701.jpg.md","197","9/7/2026 11:39:26 AM"
"D:\MICO_SSOT\KNOWLEDGE_BASE\03_FOTO_PROYEK\FB_IMG_1785792933783.jpg","100607","8/4/2026 4:35:33 AM"
"D:\MICO_SSOT\KNOWLEDGE_BASE\03_FOTO_PROYEK\FB_IMG_1785792933783.jpg.md","197","9/7/2026 11:39:26 AM"
"D:\MICO_SSOT\KNOWLEDGE_BASE\03_FOTO_PROYEK\FB_IMG_1785792935810.jpg","104591","8/4/2026 4:35:35 AM"
"D:\MICO_SSOT\KNOWLEDGE_BASE\03_FOTO_PROYEK\FB_IMG_1785792935810.jpg.md","197","9/7/2026 11:39:26 AM"
"D:\MICO_SSOT\KNOWLEDGE_BASE\03_FOTO_PROYEK\FB_IMG_1785792937743.jpg","99167","8/4/2026 4:35:37 AM"
"D:\MICO_SSOT\KNOWLEDGE_BASE\03_FOTO_PROYEK\FB_IMG_1785792937743.jpg.md","197","9/7/2026 11:39:27 AM"
"D:\MICO_SSOT\KNOWLEDGE_BASE\03_FOTO_PROYEK\FB_IMG_1785792939784.jpg","99299","8/4/2026 4:35:39 AM"
"D:\MICO_SSOT\KNOWLEDGE_BASE\03_FOTO_PROYEK\FB_IMG_1785792939784.jpg.md","197","9/7/2026 11:39:27 AM"
"D:\MICO_SSOT\KNOWLEDGE_BASE\03_FOTO_PROYEK\FB_IMG_1785792941672.jpg","97300","8/4/2026 4:35:41 AM"
"D:\MICO_SSOT\KNOWLEDGE_BASE\03_FOTO_PROYEK\FB_IMG_1785792941672.jpg.md","197","9/7/2026 11:39:27 AM"
"D:\MICO_SSOT\KNOWLEDGE_BASE\03_FOTO_PROYEK\FB_IMG_1785792943684.jpg","34383","8/4/2026 4:35:43 AM"
"D:\MICO_SSOT\KNOWLEDGE_BASE\03_FOTO_PROYEK\FB_IMG_1785792943684.jpg.md","197","9/7/2026 11:39:27 AM"
"D:\MICO_SSOT\KNOWLEDGE_BASE\03_FOTO_PROYEK\FB_IMG_1785793310962.jpg","137181","8/4/2026 4:41:50 AM"
"D:\MICO_SSOT\KNOWLEDGE_BASE\03_FOTO_PROYEK\FB_IMG_1785793310962.jpg.md","197","9/7/2026 11:39:27 AM"
"D:\MICO_SSOT\KNOWLEDGE_BASE\03_FOTO_PROYEK\FB_IMG_1785793369190.jpg","145766","8/4/2026 4:42:49 AM"
"D:\MICO_SSOT\KNOWLEDGE_BASE\03_FOTO_PROYEK\FB_IMG_1785793369190.jpg.md","197","9/7/2026 11:39:27 AM"
"D:\MICO_SSOT\KNOWLEDGE_BASE\03_FOTO_PROYEK\FB_IMG_1785793371791.jpg","164993","8/4/2026 4:42:51 AM"
"D:\MICO_SSOT\KNOWLEDGE_BASE\03_FOTO_PROYEK\FB_IMG_1785793371791.jpg.md","197","9/7/2026 11:39:27 AM"
"D:\MICO_SSOT\KNOWLEDGE_BASE\03_FOTO_PROYEK\FB_IMG_1785793374305.jpg","134156","8/4/2026 4:42:54 AM"
"D:\MICO_SSOT\KNOWLEDGE_BASE\03_FOTO_PROYEK\FB_IMG_1785793374305.jpg.md","197","9/7/2026 11:39:27 AM"
"D:\MICO_SSOT\KNOWLEDGE_BASE\03_FOTO_PROYEK\FB_IMG_1785793376792.jpg","124631","8/4/2026 4:42:56 AM"
"D:\MICO_SSOT\KNOWLEDGE_BASE\03_FOTO_PROYEK\FB_IMG_1785793376792.jpg.md","197","9/7/2026 11:39:27 AM"
"D:\MICO_SSOT\KNOWLEDGE_BASE\03_FOTO_PROYEK\FB_IMG_1785793379263.jpg","109408","8/4/2026 4:42:59 AM"
"D:\MICO_SSOT\KNOWLEDGE_BASE\03_FOTO_PROYEK\FB_IMG_1785793379263.jpg.md","197","9/7/2026 11:39:27 AM"
"D:\MICO_SSOT\KNOWLEDGE_BASE\03_FOTO_PROYEK\FB_IMG_1785793381441.jpg","138356","8/4/2026 4:43:01 AM"
"D:\MICO_SSOT\KNOWLEDGE_BASE\03_FOTO_PROYEK\FB_IMG_1785793381441.jpg.md","197","9/7/2026 11:39:28 AM"
"D:\MICO_SSOT\KNOWLEDGE_BASE\03_FOTO_PROYEK\FB_IMG_1785793384033.jpg","127144","8/4/2026 4:43:04 AM"
"D:\MICO_SSOT\KNOWLEDGE_BASE\03_FOTO_PROYEK\FB_IMG_1785793384033.jpg.md","197","9/7/2026 11:39:28 AM"
"D:\MICO_SSOT\KNOWLEDGE_BASE\03_FOTO_PROYEK\FB_IMG_1785793386287.jpg","135614","8/4/2026 4:43:06 AM"
"D:\MICO_SSOT\KNOWLEDGE_BASE\03_FOTO_PROYEK\FB_IMG_1785793386287.jpg.md","197","9/7/2026 11:39:28 AM"
"D:\MICO_SSOT\KNOWLEDGE_BASE\03_FOTO_PROYEK\FB_IMG_1785793388648.jpg","124615","8/4/2026 4:43:08 AM"
"D:\MICO_SSOT\KNOWLEDGE_BASE\03_FOTO_PROYEK\FB_IMG_1785793388648.jpg.md","197","9/7/2026 11:39:28 AM"
"D:\MICO_SSOT\KNOWLEDGE_BASE\03_FOTO_PROYEK\FB_IMG_1785793391148.jpg","143376","8/4/2026 4:43:11 AM"
"D:\MICO_SSOT\KNOWLEDGE_BASE\03_FOTO_PROYEK\FB_IMG_1785793391148.jpg.md","197","9/7/2026 11:39:28 AM"
"D:\MICO_SSOT\KNOWLEDGE_BASE\03_FOTO_PROYEK\FB_IMG_1785793517126.jpg","231546","8/4/2026 4:45:17 AM"
"D:\MICO_SSOT\KNOWLEDGE_BASE\03_FOTO_PROYEK\FB_IMG_1785793517126.jpg.md","197","9/7/2026 11:39:28 AM"
"D:\MICO_SSOT\KNOWLEDGE_BASE\03_FOTO_PROYEK\FB_IMG_1785793519629.jpg","257814","8/4/2026 4:45:19 AM"
"D:\MICO_SSOT\KNOWLEDGE_BASE\03_FOTO_PROYEK\FB_IMG_1785793519629.jpg.md","197","9/7/2026 11:39:28 AM"
"D:\MICO_SSOT\KNOWLEDGE_BASE\03_FOTO_PROYEK\FB_IMG_1785793525614.jpg","216321","8/4/2026 4:45:25 AM"
"D:\MICO_SSOT\KNOWLEDGE_BASE\03_FOTO_PROYEK\FB_IMG_1785793525614.jpg.md","197","9/7/2026 11:39:28 AM"
"D:\MICO_SSOT\KNOWLEDGE_BASE\03_FOTO_PROYEK\FB_IMG_1785793528143.jpg","216154","8/4/2026 4:45:28 AM"
"D:\MICO_SSOT\KNOWLEDGE_BASE\03_FOTO_PROYEK\FB_IMG_1785793528143.jpg.md","197","9/7/2026 11:39:28 AM"
"D:\MICO_SSOT\KNOWLEDGE_BASE\03_FOTO_PROYEK\FB_IMG_1785793675281.jpg","273728","8/4/2026 4:47:55 AM"
"D:\MICO_SSOT\KNOWLEDGE_BASE\03_FOTO_PROYEK\FB_IMG_1785793675281.jpg.md","197","9/7/2026 11:39:28 AM"
"D:\MICO_SSOT\KNOWLEDGE_BASE\03_FOTO_PROYEK\FB_IMG_1785793708151.jpg","135411","8/4/2026 4:48:28 AM"
"D:\MICO_SSOT\KNOWLEDGE_BASE\03_FOTO_PROYEK\FB_IMG_1785793708151.jpg.md","197","9/7/2026 11:39:29 AM"
"D:\MICO_SSOT\KNOWLEDGE_BASE\03_FOTO_PROYEK\FB_IMG_1785793710746.jpg","111730","8/4/2026 4:48:30 AM"
"D:\MICO_SSOT\KNOWLEDGE_BASE\03_FOTO_PROYEK\FB_IMG_1785793710746.jpg.md","197","9/7/2026 11:39:29 AM"
"D:\MICO_SSOT\KNOWLEDGE_BASE\03_FOTO_PROYEK\FB_IMG_1785793713038.jpg","148402","8/4/2026 4:48:33 AM"
"D:\MICO_SSOT\KNOWLEDGE_BASE\03_FOTO_PROYEK\FB_IMG_1785793713038.jpg.md","197","9/7/2026 11:39:29 AM"
"D:\MICO_SSOT\KNOWLEDGE_BASE\03_FOTO_PROYEK\FB_IMG_1785793715051.jpg","115345","8/4/2026 4:48:35 AM"
"D:\MICO_SSOT\KNOWLEDGE_BASE\03_FOTO_PROYEK\FB_IMG_1785793715051.jpg.md","197","9/7/2026 11:39:29 AM"
"D:\MICO_SSOT\KNOWLEDGE_BASE\03_FOTO_PROYEK\FB_IMG_1785793717325.jpg","91865","8/4/2026 4:48:37 AM"
"D:\MICO_SSOT\KNOWLEDGE_BASE\03_FOTO_PROYEK\FB_IMG_1785793717325.jpg.md","197","9/7/2026 11:39:29 AM"
"D:\MICO_SSOT\KNOWLEDGE_BASE\03_FOTO_PROYEK\FB_IMG_1785793719813.jpg","90515","8/4/2026 4:48:39 AM"
"D:\MICO_SSOT\KNOWLEDGE_BASE\03_FOTO_PROYEK\FB_IMG_1785793719813.jpg.md","197","9/7/2026 11:39:29 AM"
"D:\MICO_SSOT\KNOWLEDGE_BASE\03_FOTO_PROYEK\FB_IMG_1785793722142.jpg","89248","8/4/2026 4:48:42 AM"
"D:\MICO_SSOT\KNOWLEDGE_BASE\03_FOTO_PROYEK\FB_IMG_1785793722142.jpg.md","197","9/7/2026 11:39:30 AM"
"D:\MICO_SSOT\KNOWLEDGE_BASE\03_FOTO_PROYEK\FB_IMG_1785793724412.jpg","98062","8/4/2026 4:48:44 AM"
"D:\MICO_SSOT\KNOWLEDGE_BASE\03_FOTO_PROYEK\FB_IMG_1785793724412.jpg.md","197","9/7/2026 11:39:30 AM"
"D:\MICO_SSOT\KNOWLEDGE_BASE\03_FOTO_PROYEK\FB_IMG_1785793726896.jpg","128162","8/4/2026 4:48:46 AM"
"D:\MICO_SSOT\KNOWLEDGE_BASE\03_FOTO_PROYEK\FB_IMG_1785793726896.jpg.md","197","9/7/2026 11:39:30 AM"
"D:\MICO_SSOT\KNOWLEDGE_BASE\03_FOTO_PROYEK\FB_IMG_1785793729009.jpg","127807","8/4/2026 4:48:49 AM"
"D:\MICO_SSOT\KNOWLEDGE_BASE\03_FOTO_PROYEK\FB_IMG_1785793729009.jpg.md","197","9/7/2026 11:39:30 AM"
"D:\MICO_SSOT\KNOWLEDGE_BASE\03_FOTO_PROYEK\FB_IMG_1785811279494.jpg","193790","8/4/2026 9:41:19 AM"
"D:\MICO_SSOT\KNOWLEDGE_BASE\03_FOTO_PROYEK\FB_IMG_1785811279494.jpg.md","197","9/7/2026 11:39:30 AM"
"D:\MICO_SSOT\KNOWLEDGE_BASE\03_FOTO_PROYEK\FB_IMG_1785943655574.jpg","128204","8/5/2026 10:27:35 PM"
"D:\MICO_SSOT\KNOWLEDGE_BASE\03_FOTO_PROYEK\FB_IMG_1785943655574.jpg.md","197","9/7/2026 11:39:30 AM"
"D:\MICO_SSOT\KNOWLEDGE_BASE\03_FOTO_PROYEK\FB_IMG_1785943658353.jpg","124959","8/5/2026 10:27:38 PM"
"D:\MICO_SSOT\KNOWLEDGE_BASE\03_FOTO_PROYEK\FB_IMG_1785943658353.jpg.md","197","9/7/2026 11:39:30 AM"
"D:\MICO_SSOT\KNOWLEDGE_BASE\03_FOTO_PROYEK\FB_IMG_1785943660875.jpg","148189","8/5/2026 10:27:40 PM"
"D:\MICO_SSOT\KNOWLEDGE_BASE\03_FOTO_PROYEK\FB_IMG_1785943660875.jpg.md","197","9/7/2026 11:39:31 AM"
"D:\MICO_SSOT\KNOWLEDGE_BASE\03_FOTO_PROYEK\FB_IMG_1785943663347.jpg","135226","8/5/2026 10:27:43 PM"
"D:\MICO_SSOT\KNOWLEDGE_BASE\03_FOTO_PROYEK\FB_IMG_1785943663347.jpg.md","197","9/7/2026 11:39:31 AM"
"D:\MICO_SSOT\KNOWLEDGE_BASE\03_FOTO_PROYEK\FB_IMG_1785943666248.jpg","187822","8/5/2026 10:27:46 PM"
"D:\MICO_SSOT\KNOWLEDGE_BASE\03_FOTO_PROYEK\FB_IMG_1785943666248.jpg.md","197","9/7/2026 11:39:31 AM"
"D:\MICO_SSOT\KNOWLEDGE_BASE\03_FOTO_PROYEK\FB_IMG_1785943667810.jpg","98464","8/5/2026 10:27:47 PM"
"D:\MICO_SSOT\KNOWLEDGE_BASE\03_FOTO_PROYEK\FB_IMG_1785943667810.jpg.md","197","9/7/2026 11:39:31 AM"
"D:\MICO_SSOT\KNOWLEDGE_BASE\03_FOTO_PROYEK\FB_IMG_1785957281916.jpg","140194","8/6/2026 2:14:41 AM"
"D:\MICO_SSOT\KNOWLEDGE_BASE\03_FOTO_PROYEK\FB_IMG_1785957281916.jpg.md","197","9/7/2026 11:39:31 AM"
"D:\MICO_SSOT\KNOWLEDGE_BASE\03_FOTO_PROYEK\FB_IMG_1785957592468.jpg","147061","9/6/2026 6:38:55 PM"
"D:\MICO_SSOT\KNOWLEDGE_BASE\03_FOTO_PROYEK\FB_IMG_1785957592468.jpg.md","197","9/7/2026 11:39:31 AM"
"D:\MICO_SSOT\KNOWLEDGE_BASE\03_FOTO_PROYEK\FB_IMG_1785957777810.jpg","74717","8/6/2026 2:22:57 AM"
"D:\MICO_SSOT\KNOWLEDGE_BASE\03_FOTO_PROYEK\FB_IMG_1785957777810.jpg.md","197","9/7/2026 11:39:31 AM"
"D:\MICO_SSOT\KNOWLEDGE_BASE\03_FOTO_PROYEK\FB_IMG_1785957779980.jpg","68268","8/6/2026 2:23:00 AM"
"D:\MICO_SSOT\KNOWLEDGE_BASE\03_FOTO_PROYEK\FB_IMG_1785957779980.jpg.md","197","9/7/2026 11:39:32 AM"
"D:\MICO_SSOT\KNOWLEDGE_BASE\03_FOTO_PROYEK\FB_IMG_1785957781938.jpg","74861","8/6/2026 2:23:01 AM"
"D:\MICO_SSOT\KNOWLEDGE_BASE\03_FOTO_PROYEK\FB_IMG_1785957781938.jpg.md","197","9/7/2026 11:39:32 AM"
"D:\MICO_SSOT\KNOWLEDGE_BASE\03_FOTO_PROYEK\FB_IMG_1785957784849.jpg","78340","8/6/2026 2:23:04 AM"
"D:\MICO_SSOT\KNOWLEDGE_BASE\03_FOTO_PROYEK\FB_IMG_1785957784849.jpg.md","197","9/7/2026 11:39:32 AM"
"D:\MICO_SSOT\KNOWLEDGE_BASE\03_FOTO_PROYEK\FB_IMG_1785957787146.jpg","75417","8/6/2026 2:23:07 AM"
"D:\MICO_SSOT\KNOWLEDGE_BASE\03_FOTO_PROYEK\FB_IMG_1785957787146.jpg.md","197","9/7/2026 11:39:32 AM"
"D:\MICO_SSOT\KNOWLEDGE_BASE\03_FOTO_PROYEK\FB_IMG_1785957789302.jpg","69353","8/6/2026 2:23:09 AM"
"D:\MICO_SSOT\KNOWLEDGE_BASE\03_FOTO_PROYEK\FB_IMG_1785957789302.jpg.md","197","9/7/2026 11:39:32 AM"
"D:\MICO_SSOT\KNOWLEDGE_BASE\03_FOTO_PROYEK\FB_IMG_1785957791493.jpg","81323","8/6/2026 2:23:11 AM"
"D:\MICO_SSOT\KNOWLEDGE_BASE\03_FOTO_PROYEK\FB_IMG_1785957791493.jpg.md","197","9/7/2026 11:39:32 AM"
"D:\MICO_SSOT\KNOWLEDGE_BASE\03_FOTO_PROYEK\FB_IMG_1785957793547.jpg","76391","8/6/2026 2:23:13 AM"
"D:\MICO_SSOT\KNOWLEDGE_BASE\03_FOTO_PROYEK\FB_IMG_1785957793547.jpg.md","197","9/7/2026 11:39:32 AM"
"D:\MICO_SSOT\KNOWLEDGE_BASE\03_FOTO_PROYEK\FB_IMG_1785957795561.jpg","71067","8/6/2026 2:23:15 AM"
"D:\MICO_SSOT\KNOWLEDGE_BASE\03_FOTO_PROYEK\FB_IMG_1785957795561.jpg.md","197","9/7/2026 11:39:32 AM"
"D:\MICO_SSOT\KNOWLEDGE_BASE\03_FOTO_PROYEK\FB_IMG_1785957797596.jpg","79956","8/6/2026 2:23:17 AM"
"D:\MICO_SSOT\KNOWLEDGE_BASE\03_FOTO_PROYEK\FB_IMG_1785957797596.jpg.md","197","9/7/2026 11:39:32 AM"
"D:\MICO_SSOT\KNOWLEDGE_BASE\03_FOTO_PROYEK\FB_IMG_1785959138932.jpg","249388","8/6/2026 2:45:38 AM"
"D:\MICO_SSOT\KNOWLEDGE_BASE\03_FOTO_PROYEK\FB_IMG_1785959138932.jpg.md","197","9/7/2026 11:39:32 AM"
"D:\MICO_SSOT\KNOWLEDGE_BASE\03_FOTO_PROYEK\FB_IMG_1785961053643.jpg","107209","8/6/2026 3:17:33 AM"
"D:\MICO_SSOT\KNOWLEDGE_BASE\03_FOTO_PROYEK\FB_IMG_1785961053643.jpg.md","197","9/7/2026 11:39:33 AM"
"D:\MICO_SSOT\KNOWLEDGE_BASE\03_FOTO_PROYEK\FB_IMG_1785961056583.jpg","123889","8/6/2026 3:17:36 AM"
"D:\MICO_SSOT\KNOWLEDGE_BASE\03_FOTO_PROYEK\FB_IMG_1785961056583.jpg.md","197","9/7/2026 11:39:33 AM"
"D:\MICO_SSOT\KNOWLEDGE_BASE\03_FOTO_PROYEK\FB_IMG_1785961058122.jpg","111119","8/6/2026 3:17:38 AM"
"D:\MICO_SSOT\KNOWLEDGE_BASE\03_FOTO_PROYEK\FB_IMG_1785961058122.jpg.md","197","9/7/2026 11:39:33 AM"
"D:\MICO_SSOT\KNOWLEDGE_BASE\03_FOTO_PROYEK\FB_IMG_1785961426307.jpg","116695","8/6/2026 3:23:46 AM"
"D:\MICO_SSOT\KNOWLEDGE_BASE\03_FOTO_PROYEK\FB_IMG_1785961426307.jpg.md","197","9/7/2026 11:39:33 AM"
"D:\MICO_SSOT\KNOWLEDGE_BASE\03_FOTO_PROYEK\FB_IMG_1785962158785.jpg","148327","8/6/2026 3:35:58 AM"
"D:\MICO_SSOT\KNOWLEDGE_BASE\03_FOTO_PROYEK\FB_IMG_1785962158785.jpg.md","197","9/7/2026 11:39:33 AM"
"D:\MICO_SSOT\KNOWLEDGE_BASE\03_FOTO_PROYEK\FB_IMG_1785962557621.jpg","64010","8/6/2026 3:42:37 AM"
"D:\MICO_SSOT\KNOWLEDGE_BASE\03_FOTO_PROYEK\FB_IMG_1785962557621.jpg.md","197","9/7/2026 11:39:33 AM"
"D:\MICO_SSOT\KNOWLEDGE_BASE\03_FOTO_PROYEK\FB_IMG_1785972491062.jpg","112496","8/6/2026 6:28:11 AM"
"D:\MICO_SSOT\KNOWLEDGE_BASE\03_FOTO_PROYEK\FB_IMG_1785972491062.jpg.md","197","9/7/2026 11:39:33 AM"
"D:\MICO_SSOT\KNOWLEDGE_BASE\03_FOTO_PROYEK\FB_IMG_1785973830893.jpg","253556","8/6/2026 6:50:30 AM"
"D:\MICO_SSOT\KNOWLEDGE_BASE\03_FOTO_PROYEK\FB_IMG_1785973830893.jpg.md","197","9/7/2026 11:39:33 AM"
"D:\MICO_SSOT\KNOWLEDGE_BASE\03_FOTO_PROYEK\FB_IMG_1785990337044.jpg","236911","8/6/2026 11:25:37 AM"
"D:\MICO_SSOT\KNOWLEDGE_BASE\03_FOTO_PROYEK\FB_IMG_1785990337044.jpg.md","197","9/7/2026 11:39:33 AM"
"D:\MICO_SSOT\KNOWLEDGE_BASE\03_FOTO_PROYEK\FB_IMG_1785990359471.jpg","172504","8/6/2026 11:25:59 AM"
"D:\MICO_SSOT\KNOWLEDGE_BASE\03_FOTO_PROYEK\FB_IMG_1785990359471.jpg.md","197","9/7/2026 11:39:33 AM"
"D:\MICO_SSOT\KNOWLEDGE_BASE\03_FOTO_PROYEK\FB_IMG_1785990496474.jpg","126410","8/6/2026 11:28:16 AM"
"D:\MICO_SSOT\KNOWLEDGE_BASE\03_FOTO_PROYEK\FB_IMG_1785990496474.jpg.md","197","9/7/2026 11:39:34 AM"
"D:\MICO_SSOT\KNOWLEDGE_BASE\03_FOTO_PROYEK\FB_IMG_1785990597019.jpg","264362","8/6/2026 11:29:57 AM"
"D:\MICO_SSOT\KNOWLEDGE_BASE\03_FOTO_PROYEK\FB_IMG_1785990597019.jpg.md","197","9/7/2026 11:39:34 AM"
"D:\MICO_SSOT\KNOWLEDGE_BASE\03_FOTO_PROYEK\FB_IMG_1785990619156.jpg","207081","8/6/2026 11:30:19 AM"
"D:\MICO_SSOT\KNOWLEDGE_BASE\03_FOTO_PROYEK\FB_IMG_1785990619156.jpg.md","197","9/7/2026 11:39:34 AM"
"D:\MICO_SSOT\KNOWLEDGE_BASE\03_FOTO_PROYEK\FB_IMG_1785990644536.jpg","194430","8/6/2026 11:30:44 AM"
"D:\MICO_SSOT\KNOWLEDGE_BASE\03_FOTO_PROYEK\FB_IMG_1785990644536.jpg.md","197","9/7/2026 11:39:34 AM"
"D:\MICO_SSOT\KNOWLEDGE_BASE\03_FOTO_PROYEK\FB_IMG_1785995022745.jpg","71602","8/6/2026 12:43:42 PM"
"D:\MICO_SSOT\KNOWLEDGE_BASE\03_FOTO_PROYEK\FB_IMG_1785995022745.jpg.md","197","9/7/2026 11:39:34 AM"
"D:\MICO_SSOT\KNOWLEDGE_BASE\03_FOTO_PROYEK\FB_IMG_1785995024776.jpg","65201","8/6/2026 12:43:44 PM"
"D:\MICO_SSOT\KNOWLEDGE_BASE\03_FOTO_PROYEK\FB_IMG_1785995024776.jpg.md","197","9/7/2026 11:39:34 AM"
"D:\MICO_SSOT\KNOWLEDGE_BASE\03_FOTO_PROYEK\FB_IMG_1785995026936.jpg","71441","8/6/2026 12:43:46 PM"
"D:\MICO_SSOT\KNOWLEDGE_BASE\03_FOTO_PROYEK\FB_IMG_1785995026936.jpg.md","197","9/7/2026 11:39:34 AM"
"D:\MICO_SSOT\KNOWLEDGE_BASE\03_FOTO_PROYEK\FB_IMG_1785995028990.jpg","74623","8/6/2026 12:43:49 PM"
"D:\MICO_SSOT\KNOWLEDGE_BASE\03_FOTO_PROYEK\FB_IMG_1785995028990.jpg.md","197","9/7/2026 11:39:34 AM"
"D:\MICO_SSOT\KNOWLEDGE_BASE\03_FOTO_PROYEK\FB_IMG_1785995031697.jpg","72198","8/6/2026 12:43:51 PM"
"D:\MICO_SSOT\KNOWLEDGE_BASE\03_FOTO_PROYEK\FB_IMG_1785995031697.jpg.md","197","9/7/2026 11:39:34 AM"
"D:\MICO_SSOT\KNOWLEDGE_BASE\03_FOTO_PROYEK\FB_IMG_1785995034266.jpg","66073","8/6/2026 12:43:54 PM"
"D:\MICO_SSOT\KNOWLEDGE_BASE\03_FOTO_PROYEK\FB_IMG_1785995034266.jpg.md","197","9/7/2026 11:39:35 AM"
"D:\MICO_SSOT\KNOWLEDGE_BASE\03_FOTO_PROYEK\FB_IMG_1785995036401.jpg","77556","8/6/2026 12:43:56 PM"
"D:\MICO_SSOT\KNOWLEDGE_BASE\03_FOTO_PROYEK\FB_IMG_1785995036401.jpg.md","197","9/7/2026 11:39:35 AM"
"D:\MICO_SSOT\KNOWLEDGE_BASE\03_FOTO_PROYEK\FB_IMG_1785995038472.jpg","73126","8/6/2026 12:43:58 PM"
"D:\MICO_SSOT\KNOWLEDGE_BASE\03_FOTO_PROYEK\FB_IMG_1785995038472.jpg.md","197","9/7/2026 11:39:35 AM"
"D:\MICO_SSOT\KNOWLEDGE_BASE\03_FOTO_PROYEK\FB_IMG_1785995107079.jpg","182825","8/6/2026 12:45:07 PM"
"D:\MICO_SSOT\KNOWLEDGE_BASE\03_FOTO_PROYEK\FB_IMG_1785995107079.jpg.md","197","9/7/2026 11:39:35 AM"
"D:\MICO_SSOT\KNOWLEDGE_BASE\03_FOTO_PROYEK\FB_IMG_1785995605405.jpg","120831","8/6/2026 12:53:25 PM"
"D:\MICO_SSOT\KNOWLEDGE_BASE\03_FOTO_PROYEK\FB_IMG_1785995605405.jpg.md","197","9/7/2026 11:39:35 AM"
"D:\MICO_SSOT\KNOWLEDGE_BASE\03_FOTO_PROYEK\FB_IMG_1785995607620.jpg","124306","8/6/2026 12:53:27 PM"
"D:\MICO_SSOT\KNOWLEDGE_BASE\03_FOTO_PROYEK\FB_IMG_1785995607620.jpg.md","197","9/7/2026 11:39:35 AM"
"D:\MICO_SSOT\KNOWLEDGE_BASE\03_FOTO_PROYEK\FB_IMG_1785995610309.jpg","71813","8/6/2026 12:53:30 PM"
"D:\MICO_SSOT\KNOWLEDGE_BASE\03_FOTO_PROYEK\FB_IMG_1785995610309.jpg.md","197","9/7/2026 11:39:35 AM"
"D:\MICO_SSOT\KNOWLEDGE_BASE\03_FOTO_PROYEK\FB_IMG_1785995612678.jpg","72861","8/6/2026 12:53:32 PM"
"D:\MICO_SSOT\KNOWLEDGE_BASE\03_FOTO_PROYEK\FB_IMG_1785995612678.jpg.md","197","9/7/2026 11:39:36 AM"
"D:\MICO_SSOT\KNOWLEDGE_BASE\03_FOTO_PROYEK\FB_IMG_1785995614908.jpg","64945","8/6/2026 12:53:34 PM"
"D:\MICO_SSOT\KNOWLEDGE_BASE\03_FOTO_PROYEK\FB_IMG_1785995614908.jpg.md","197","9/7/2026 11:39:36 AM"
"D:\MICO_SSOT\KNOWLEDGE_BASE\03_FOTO_PROYEK\FB_IMG_1785995617588.jpg","67545","8/6/2026 12:53:37 PM"
"D:\MICO_SSOT\KNOWLEDGE_BASE\03_FOTO_PROYEK\FB_IMG_1785995617588.jpg.md","197","9/7/2026 11:39:36 AM"
"D:\MICO_SSOT\KNOWLEDGE_BASE\03_FOTO_PROYEK\FB_IMG_1785995619997.jpg","64102","8/6/2026 12:53:40 PM"
"D:\MICO_SSOT\KNOWLEDGE_BASE\03_FOTO_PROYEK\FB_IMG_1785995619997.jpg.md","197","9/7/2026 11:39:36 AM"
"D:\MICO_SSOT\KNOWLEDGE_BASE\03_FOTO_PROYEK\FB_IMG_1785995622255.jpg","62433","8/6/2026 12:53:42 PM"
"D:\MICO_SSOT\KNOWLEDGE_BASE\03_FOTO_PROYEK\FB_IMG_1785995622255.jpg.md","197","9/7/2026 11:39:36 AM"
"D:\MICO_SSOT\KNOWLEDGE_BASE\03_FOTO_PROYEK\FB_IMG_1785995624678.jpg","73387","8/6/2026 12:53:44 PM"
"D:\MICO_SSOT\KNOWLEDGE_BASE\03_FOTO_PROYEK\FB_IMG_1785995624678.jpg.md","197","9/7/2026 11:39:36 AM"
"D:\MICO_SSOT\KNOWLEDGE_BASE\03_FOTO_PROYEK\FB_IMG_1785995629960.jpg","60718","8/6/2026 12:53:50 PM"
"D:\MICO_SSOT\KNOWLEDGE_BASE\03_FOTO_PROYEK\FB_IMG_1785995629960.jpg.md","197","9/7/2026 11:39:36 AM"
"D:\MICO_SSOT\KNOWLEDGE_BASE\03_FOTO_PROYEK\FB_IMG_1785995632362.jpg","57437","8/6/2026 12:53:52 PM"
"D:\MICO_SSOT\KNOWLEDGE_BASE\03_FOTO_PROYEK\FB_IMG_1785995632362.jpg.md","197","9/7/2026 11:39:37 AM"
"D:\MICO_SSOT\KNOWLEDGE_BASE\03_FOTO_PROYEK\FB_IMG_1785995634674.jpg","58745","8/6/2026 12:53:54 PM"
"D:\MICO_SSOT\KNOWLEDGE_BASE\03_FOTO_PROYEK\FB_IMG_1785995634674.jpg.md","197","9/7/2026 11:39:37 AM"
"D:\MICO_SSOT\KNOWLEDGE_BASE\03_FOTO_PROYEK\FB_IMG_1785995637421.jpg","54455","8/6/2026 12:53:57 PM"
"D:\MICO_SSOT\KNOWLEDGE_BASE\03_FOTO_PROYEK\FB_IMG_1785995637421.jpg.md","197","9/7/2026 11:39:37 AM"
"D:\MICO_SSOT\KNOWLEDGE_BASE\03_FOTO_PROYEK\FB_IMG_1785995639660.jpg","56576","8/6/2026 12:53:59 PM"
"D:\MICO_SSOT\KNOWLEDGE_BASE\03_FOTO_PROYEK\FB_IMG_1785995639660.jpg.md","197","9/7/2026 11:39:37 AM"
"D:\MICO_SSOT\KNOWLEDGE_BASE\03_FOTO_PROYEK\FB_IMG_1785995732058.jpg","138107","8/6/2026 12:55:32 PM"
"D:\MICO_SSOT\KNOWLEDGE_BASE\03_FOTO_PROYEK\FB_IMG_1785995732058.jpg.md","197","9/7/2026 11:39:37 AM"
"D:\MICO_SSOT\KNOWLEDGE_BASE\03_FOTO_PROYEK\FB_IMG_1786009514811.jpg","104304","8/6/2026 4:45:15 PM"
"D:\MICO_SSOT\KNOWLEDGE_BASE\03_FOTO_PROYEK\FB_IMG_1786009514811.jpg.md","197","9/7/2026 11:39:37 AM"
"D:\MICO_SSOT\KNOWLEDGE_BASE\03_FOTO_PROYEK\FB_IMG_1786157821704.jpg","162376","8/8/2026 9:57:01 AM"
"D:\MICO_SSOT\KNOWLEDGE_BASE\03_FOTO_PROYEK\FB_IMG_1786157821704.jpg.md","197","9/7/2026 11:39:37 AM"
"D:\MICO_SSOT\KNOWLEDGE_BASE\03_FOTO_PROYEK\FB_IMG_1786157823957.jpg","172957","8/8/2026 9:57:03 AM"
"D:\MICO_SSOT\KNOWLEDGE_BASE\03_FOTO_PROYEK\FB_IMG_1786157823957.jpg.md","197","9/7/2026 11:39:38 AM"
"D:\MICO_SSOT\KNOWLEDGE_BASE\03_FOTO_PROYEK\FB_IMG_1786157826347.jpg","158347","8/8/2026 9:57:06 AM"
"D:\MICO_SSOT\KNOWLEDGE_BASE\03_FOTO_PROYEK\FB_IMG_1786157826347.jpg.md","197","9/7/2026 11:39:38 AM"
"D:\MICO_SSOT\KNOWLEDGE_BASE\03_FOTO_PROYEK\FB_IMG_1786157828664.jpg","176682","8/8/2026 9:57:08 AM"
"D:\MICO_SSOT\KNOWLEDGE_BASE\03_FOTO_PROYEK\FB_IMG_1786157828664.jpg.md","197","9/7/2026 11:39:38 AM"
"D:\MICO_SSOT\KNOWLEDGE_BASE\03_FOTO_PROYEK\FB_IMG_1786157831003.jpg","185103","8/8/2026 9:57:11 AM"
"D:\MICO_SSOT\KNOWLEDGE_BASE\03_FOTO_PROYEK\FB_IMG_1786157831003.jpg.md","197","9/7/2026 11:39:38 AM"
"D:\MICO_SSOT\KNOWLEDGE_BASE\03_FOTO_PROYEK\FB_IMG_1786157833658.jpg","175660","8/8/2026 9:57:13 AM"
"D:\MICO_SSOT\KNOWLEDGE_BASE\03_FOTO_PROYEK\FB_IMG_1786157833658.jpg.md","197","9/7/2026 11:39:38 AM"
"D:\MICO_SSOT\KNOWLEDGE_BASE\03_FOTO_PROYEK\FB_IMG_1786157836003.jpg","141068","8/8/2026 9:57:16 AM"
"D:\MICO_SSOT\KNOWLEDGE_BASE\03_FOTO_PROYEK\FB_IMG_1786157836003.jpg.md","197","9/7/2026 11:39:38 AM"
"D:\MICO_SSOT\KNOWLEDGE_BASE\03_FOTO_PROYEK\FB_IMG_1786329184100.jpg","70982","8/10/2026 9:33:04 AM"
"D:\MICO_SSOT\KNOWLEDGE_BASE\03_FOTO_PROYEK\FB_IMG_1786329184100.jpg.md","197","9/7/2026 11:39:38 AM"
"D:\MICO_SSOT\KNOWLEDGE_BASE\03_FOTO_PROYEK\FB_IMG_1786414511497.jpg","287086","8/11/2026 9:15:11 AM"
"D:\MICO_SSOT\KNOWLEDGE_BASE\03_FOTO_PROYEK\FB_IMG_1786414511497.jpg.md","197","9/7/2026 11:39:38 AM"
"D:\MICO_SSOT\KNOWLEDGE_BASE\03_FOTO_PROYEK\FB_IMG_1786452817643.jpg","186356","8/11/2026 7:53:37 PM"
"D:\MICO_SSOT\KNOWLEDGE_BASE\03_FOTO_PROYEK\FB_IMG_1786452817643.jpg.md","197","9/7/2026 11:39:38 AM"
"D:\MICO_SSOT\KNOWLEDGE_BASE\03_FOTO_PROYEK\FB_IMG_1786452825563.jpg","96730","8/11/2026 7:53:45 PM"
"D:\MICO_SSOT\KNOWLEDGE_BASE\03_FOTO_PROYEK\FB_IMG_1786452825563.jpg.md","197","9/7/2026 11:39:38 AM"
"D:\MICO_SSOT\KNOWLEDGE_BASE\03_FOTO_PROYEK\FB_IMG_1786452849672.jpg","127957","8/11/2026 7:54:09 PM"
"D:\MICO_SSOT\KNOWLEDGE_BASE\03_FOTO_PROYEK\FB_IMG_1786452849672.jpg.md","197","9/7/2026 11:39:39 AM"
"D:\MICO_SSOT\KNOWLEDGE_BASE\03_FOTO_PROYEK\FB_IMG_1786452851598.jpg","74807","8/11/2026 7:54:11 PM"
"D:\MICO_SSOT\KNOWLEDGE_BASE\03_FOTO_PROYEK\FB_IMG_1786452851598.jpg.md","197","9/7/2026 11:39:39 AM"
"D:\MICO_SSOT\KNOWLEDGE_BASE\03_FOTO_PROYEK\FB_IMG_1786452880130.jpg","199823","8/11/2026 7:54:40 PM"
"D:\MICO_SSOT\KNOWLEDGE_BASE\03_FOTO_PROYEK\FB_IMG_1786452880130.jpg.md","197","9/7/2026 11:39:39 AM"
"D:\MICO_SSOT\KNOWLEDGE_BASE\03_FOTO_PROYEK\FB_IMG_1786452919394.jpg","201748","8/11/2026 7:55:19 PM"
"D:\MICO_SSOT\KNOWLEDGE_BASE\03_FOTO_PROYEK\FB_IMG_1786452919394.jpg.md","197","9/7/2026 11:39:39 AM"
"D:\MICO_SSOT\KNOWLEDGE_BASE\03_FOTO_PROYEK\FB_IMG_1786452921756.jpg","192556","8/11/2026 7:55:22 PM"
"D:\MICO_SSOT\KNOWLEDGE_BASE\03_FOTO_PROYEK\FB_IMG_1786452921756.jpg.md","197","9/7/2026 11:39:39 AM"
"D:\MICO_SSOT\KNOWLEDGE_BASE\03_FOTO_PROYEK\FB_IMG_1786452925669.jpg","189930","8/11/2026 7:55:25 PM"
"D:\MICO_SSOT\KNOWLEDGE_BASE\03_FOTO_PROYEK\FB_IMG_1786452925669.jpg.md","197","9/7/2026 11:39:39 AM"
"D:\MICO_SSOT\KNOWLEDGE_BASE\03_FOTO_PROYEK\FB_IMG_1786452927801.jpg","180521","8/11/2026 7:55:27 PM"
"D:\MICO_SSOT\KNOWLEDGE_BASE\03_FOTO_PROYEK\FB_IMG_1786452927801.jpg.md","197","9/7/2026 11:39:39 AM"
"D:\MICO_SSOT\KNOWLEDGE_BASE\03_FOTO_PROYEK\FB_IMG_1786452962984.jpg","173078","8/11/2026 7:56:03 PM"
"D:\MICO_SSOT\KNOWLEDGE_BASE\03_FOTO_PROYEK\FB_IMG_1786452962984.jpg.md","197","9/7/2026 11:39:39 AM"
"D:\MICO_SSOT\KNOWLEDGE_BASE\03_FOTO_PROYEK\FB_IMG_1786452975919.jpg","142494","8/11/2026 7:56:15 PM"
"D:\MICO_SSOT\KNOWLEDGE_BASE\03_FOTO_PROYEK\FB_IMG_1786452975919.jpg.md","197","9/7/2026 11:39:39 AM"
"D:\MICO_SSOT\KNOWLEDGE_BASE\03_FOTO_PROYEK\FB_IMG_1786452989270.jpg","164320","8/11/2026 7:56:29 PM"
"D:\MICO_SSOT\KNOWLEDGE_BASE\03_FOTO_PROYEK\FB_IMG_1786452989270.jpg.md","197","9/7/2026 11:39:39 AM"
"D:\MICO_SSOT\KNOWLEDGE_BASE\03_FOTO_PROYEK\FB_IMG_1786452997480.jpg","170698","8/11/2026 7:56:37 PM"
"D:\MICO_SSOT\KNOWLEDGE_BASE\03_FOTO_PROYEK\FB_IMG_1786452997480.jpg.md","197","9/7/2026 11:39:40 AM"
"D:\MICO_SSOT\KNOWLEDGE_BASE\03_FOTO_PROYEK\FB_IMG_1786453016753.jpg","88923","8/11/2026 7:56:56 PM"
"D:\MICO_SSOT\KNOWLEDGE_BASE\03_FOTO_PROYEK\FB_IMG_1786453016753.jpg.md","197","9/7/2026 11:39:40 AM"
"D:\MICO_SSOT\KNOWLEDGE_BASE\03_FOTO_PROYEK\FB_IMG_1786453091335.jpg","165760","8/11/2026 7:58:11 PM"
"D:\MICO_SSOT\KNOWLEDGE_BASE\03_FOTO_PROYEK\FB_IMG_1786453091335.jpg.md","197","9/7/2026 11:39:40 AM"
"D:\MICO_SSOT\KNOWLEDGE_BASE\03_FOTO_PROYEK\FB_IMG_1786453099727.jpg","142962","8/11/2026 7:58:19 PM"
"D:\MICO_SSOT\KNOWLEDGE_BASE\03_FOTO_PROYEK\FB_IMG_1786453099727.jpg.md","197","9/7/2026 11:39:40 AM"
"D:\MICO_SSOT\KNOWLEDGE_BASE\03_FOTO_PROYEK\FB_IMG_1786560769250.jpg","334805","8/13/2026 1:52:49 AM"
"D:\MICO_SSOT\KNOWLEDGE_BASE\03_FOTO_PROYEK\FB_IMG_1786560769250.jpg.md","197","9/7/2026 11:39:40 AM"
"D:\MICO_SSOT\KNOWLEDGE_BASE\03_FOTO_PROYEK\FB_IMG_1786560831635.jpg","134651","8/13/2026 1:53:51 AM"
"D:\MICO_SSOT\KNOWLEDGE_BASE\03_FOTO_PROYEK\FB_IMG_1786560831635.jpg.md","197","9/7/2026 11:39:40 AM"
"D:\MICO_SSOT\KNOWLEDGE_BASE\03_FOTO_PROYEK\FB_IMG_1786561015826.jpg","276960","8/13/2026 1:56:55 AM"
"D:\MICO_SSOT\KNOWLEDGE_BASE\03_FOTO_PROYEK\FB_IMG_1786561015826.jpg.md","197","9/7/2026 11:39:40 AM"
"D:\MICO_SSOT\KNOWLEDGE_BASE\03_FOTO_PROYEK\FB_IMG_1786561025578.jpg","148779","8/13/2026 1:57:05 AM"
"D:\MICO_SSOT\KNOWLEDGE_BASE\03_FOTO_PROYEK\FB_IMG_1786561025578.jpg.md","197","9/7/2026 11:39:40 AM"
"D:\MICO_SSOT\KNOWLEDGE_BASE\03_FOTO_PROYEK\FB_IMG_1786586270940.jpg","155522","8/13/2026 8:57:50 AM"
"D:\MICO_SSOT\KNOWLEDGE_BASE\03_FOTO_PROYEK\FB_IMG_1786586270940.jpg.md","197","9/7/2026 11:39:40 AM"
"D:\MICO_SSOT\KNOWLEDGE_BASE\03_FOTO_PROYEK\FB_IMG_1786623315703.jpg","403525","8/13/2026 7:15:15 PM"
"D:\MICO_SSOT\KNOWLEDGE_BASE\03_FOTO_PROYEK\FB_IMG_1786623315703.jpg.md","197","9/7/2026 11:39:41 AM"
"D:\MICO_SSOT\KNOWLEDGE_BASE\03_FOTO_PROYEK\FB_IMG_1786623632066.jpg","104502","8/13/2026 7:20:32 PM"
"D:\MICO_SSOT\KNOWLEDGE_BASE\03_FOTO_PROYEK\FB_IMG_1786623632066.jpg.md","197","9/7/2026 11:39:41 AM"
"D:\MICO_SSOT\KNOWLEDGE_BASE\03_FOTO_PROYEK\FB_IMG_1786630835391.jpg","188194","8/13/2026 9:20:35 PM"
"D:\MICO_SSOT\KNOWLEDGE_BASE\03_FOTO_PROYEK\FB_IMG_1786630835391.jpg.md","197","9/7/2026 11:39:41 AM"
"D:\MICO_SSOT\KNOWLEDGE_BASE\03_FOTO_PROYEK\FB_IMG_1786713539064.jpg","35193","8/14/2026 8:18:59 PM"
"D:\MICO_SSOT\KNOWLEDGE_BASE\03_FOTO_PROYEK\FB_IMG_1786713539064.jpg.md","197","9/7/2026 11:39:41 AM"
"D:\MICO_SSOT\KNOWLEDGE_BASE\03_FOTO_PROYEK\FB_IMG_1786715190727.jpg","136068","8/14/2026 8:46:30 PM"
"D:\MICO_SSOT\KNOWLEDGE_BASE\03_FOTO_PROYEK\FB_IMG_1786715190727.jpg.md","197","9/7/2026 11:39:41 AM"
"D:\MICO_SSOT\KNOWLEDGE_BASE\03_FOTO_PROYEK\FB_IMG_1786721818805.jpg","167337","8/14/2026 10:36:58 PM"
"D:\MICO_SSOT\KNOWLEDGE_BASE\03_FOTO_PROYEK\FB_IMG_1786721818805.jpg.md","197","9/7/2026 11:39:41 AM"
"D:\MICO_SSOT\KNOWLEDGE_BASE\03_FOTO_PROYEK\FB_IMG_1786724319322.jpg","162272","8/14/2026 11:18:39 PM"
"D:\MICO_SSOT\KNOWLEDGE_BASE\03_FOTO_PROYEK\FB_IMG_1786724319322.jpg.md","197","9/7/2026 11:39:41 AM"
"D:\MICO_SSOT\KNOWLEDGE_BASE\03_FOTO_PROYEK\FB_IMG_1786725265303.jpg","147375","8/14/2026 11:34:25 PM"
"D:\MICO_SSOT\KNOWLEDGE_BASE\03_FOTO_PROYEK\FB_IMG_1786725265303.jpg.md","197","9/7/2026 11:39:42 AM"
"D:\MICO_SSOT\KNOWLEDGE_BASE\03_FOTO_PROYEK\FB_IMG_1786726749586.jpg","96041","8/14/2026 11:59:09 PM"
"D:\MICO_SSOT\KNOWLEDGE_BASE\03_FOTO_PROYEK\FB_IMG_1786726749586.jpg.md","197","9/7/2026 11:39:42 AM"
"D:\MICO_SSOT\KNOWLEDGE_BASE\03_FOTO_PROYEK\FB_IMG_1786726752275.jpg","94169","8/14/2026 11:59:12 PM"
"D:\MICO_SSOT\KNOWLEDGE_BASE\03_FOTO_PROYEK\FB_IMG_1786726752275.jpg.md","197","9/7/2026 11:39:42 AM"
"D:\MICO_SSOT\KNOWLEDGE_BASE\03_FOTO_PROYEK\FB_IMG_1786726754093.jpg","47180","8/14/2026 11:59:14 PM"
"D:\MICO_SSOT\KNOWLEDGE_BASE\03_FOTO_PROYEK\FB_IMG_1786726754093.jpg.md","197","9/7/2026 11:39:42 AM"
"D:\MICO_SSOT\KNOWLEDGE_BASE\03_FOTO_PROYEK\FB_IMG_1786756789068.jpg","150130","8/15/2026 8:19:49 AM"
"D:\MICO_SSOT\KNOWLEDGE_BASE\03_FOTO_PROYEK\FB_IMG_1786756789068.jpg.md","197","9/7/2026 11:39:42 AM"
"D:\MICO_SSOT\KNOWLEDGE_BASE\03_FOTO_PROYEK\FB_IMG_1786756791892.jpg","174328","8/15/2026 8:19:51 AM"
"D:\MICO_SSOT\KNOWLEDGE_BASE\03_FOTO_PROYEK\FB_IMG_1786756791892.jpg.md","197","9/7/2026 11:39:42 AM"
"D:\MICO_SSOT\KNOWLEDGE_BASE\03_FOTO_PROYEK\FB_IMG_1786756794546.jpg","207468","8/15/2026 8:19:54 AM"
"D:\MICO_SSOT\KNOWLEDGE_BASE\03_FOTO_PROYEK\FB_IMG_1786756794546.jpg.md","197","9/7/2026 11:39:42 AM"
"D:\MICO_SSOT\KNOWLEDGE_BASE\03_FOTO_PROYEK\FB_IMG_1786756796755.jpg","141216","8/15/2026 8:19:56 AM"
"D:\MICO_SSOT\KNOWLEDGE_BASE\03_FOTO_PROYEK\FB_IMG_1786756796755.jpg.md","197","9/7/2026 11:39:43 AM"
"D:\MICO_SSOT\KNOWLEDGE_BASE\03_FOTO_PROYEK\FB_IMG_1786756798985.jpg","128263","8/15/2026 8:19:59 AM"
"D:\MICO_SSOT\KNOWLEDGE_BASE\03_FOTO_PROYEK\FB_IMG_1786756798985.jpg.md","197","9/7/2026 11:39:43 AM"
"D:\MICO_SSOT\KNOWLEDGE_BASE\03_FOTO_PROYEK\FB_IMG_1786756801396.jpg","146127","8/15/2026 8:20:01 AM"
"D:\MICO_SSOT\KNOWLEDGE_BASE\03_FOTO_PROYEK\FB_IMG_1786756801396.jpg.md","197","9/7/2026 11:39:43 AM"
"D:\MICO_SSOT\KNOWLEDGE_BASE\03_FOTO_PROYEK\FB_IMG_1786756803914.jpg","192217","8/15/2026 8:20:03 AM"
"D:\MICO_SSOT\KNOWLEDGE_BASE\03_FOTO_PROYEK\FB_IMG_1786756803914.jpg.md","197","9/7/2026 11:39:43 AM"
"D:\MICO_SSOT\KNOWLEDGE_BASE\03_FOTO_PROYEK\FB_IMG_1786756806565.jpg","169012","8/15/2026 8:20:06 AM"
"D:\MICO_SSOT\KNOWLEDGE_BASE\03_FOTO_PROYEK\FB_IMG_1786756806565.jpg.md","197","9/7/2026 11:39:43 AM"
"D:\MICO_SSOT\KNOWLEDGE_BASE\03_FOTO_PROYEK\FB_IMG_1786756808565.jpg","189084","8/15/2026 8:20:08 AM"
"D:\MICO_SSOT\KNOWLEDGE_BASE\03_FOTO_PROYEK\FB_IMG_1786756808565.jpg.md","197","9/7/2026 11:39:43 AM"
"D:\MICO_SSOT\KNOWLEDGE_BASE\03_FOTO_PROYEK\FB_IMG_1786758939474.jpg","200829","8/15/2026 8:55:39 AM"
"D:\MICO_SSOT\KNOWLEDGE_BASE\03_FOTO_PROYEK\FB_IMG_1786758939474.jpg.md","197","9/7/2026 11:39:43 AM"
"D:\MICO_SSOT\KNOWLEDGE_BASE\03_FOTO_PROYEK\FB_IMG_1786779362887.jpg","197171","8/15/2026 2:36:02 PM"
"D:\MICO_SSOT\KNOWLEDGE_BASE\03_FOTO_PROYEK\FB_IMG_1786779362887.jpg.md","197","9/7/2026 11:39:44 AM"
"D:\MICO_SSOT\KNOWLEDGE_BASE\03_FOTO_PROYEK\FB_IMG_1786824326761.jpg","175711","8/16/2026 3:05:26 AM"
"D:\MICO_SSOT\KNOWLEDGE_BASE\03_FOTO_PROYEK\FB_IMG_1786824326761.jpg.md","197","9/7/2026 11:39:44 AM"
"D:\MICO_SSOT\KNOWLEDGE_BASE\03_FOTO_PROYEK\FB_IMG_1786825074178.jpg","103446","8/16/2026 3:17:54 AM"
"D:\MICO_SSOT\KNOWLEDGE_BASE\03_FOTO_PROYEK\FB_IMG_1786825074178.jpg.md","197","9/7/2026 11:39:44 AM"
"D:\MICO_SSOT\KNOWLEDGE_BASE\03_FOTO_PROYEK\FB_IMG_1786898799380.jpg","55374","8/16/2026 11:46:39 PM"
"D:\MICO_SSOT\KNOWLEDGE_BASE\03_FOTO_PROYEK\FB_IMG_1786898799380.jpg.md","197","9/7/2026 11:39:44 AM"
"D:\MICO_SSOT\KNOWLEDGE_BASE\03_FOTO_PROYEK\FB_IMG_1786898801780.jpg","31965","8/16/2026 11:46:41 PM"
"D:\MICO_SSOT\KNOWLEDGE_BASE\03_FOTO_PROYEK\FB_IMG_1786898801780.jpg.md","197","9/7/2026 11:39:44 AM"
"D:\MICO_SSOT\KNOWLEDGE_BASE\03_FOTO_PROYEK\FB_IMG_1786966049058.jpg","121951","8/17/2026 6:27:29 PM"
"D:\MICO_SSOT\KNOWLEDGE_BASE\03_FOTO_PROYEK\FB_IMG_1786966049058.jpg.md","197","9/7/2026 11:39:44 AM"
"D:\MICO_SSOT\KNOWLEDGE_BASE\03_FOTO_PROYEK\FB_IMG_1786966051768.jpg","129411","8/17/2026 6:27:31 PM"
"D:\MICO_SSOT\KNOWLEDGE_BASE\03_FOTO_PROYEK\FB_IMG_1786966051768.jpg.md","197","9/7/2026 11:39:44 AM"
"D:\MICO_SSOT\KNOWLEDGE_BASE\03_FOTO_PROYEK\FB_IMG_1786966055214.jpg","20361","8/17/2026 6:27:35 PM"
"D:\MICO_SSOT\KNOWLEDGE_BASE\03_FOTO_PROYEK\FB_IMG_1786966055214.jpg.md","197","9/7/2026 11:39:44 AM"
"D:\MICO_SSOT\KNOWLEDGE_BASE\03_FOTO_PROYEK\FB_IMG_1786976047540.jpg","198397","8/17/2026 9:14:07 PM"
"D:\MICO_SSOT\KNOWLEDGE_BASE\03_FOTO_PROYEK\FB_IMG_1786976047540.jpg.md","197","9/7/2026 11:39:44 AM"
"D:\MICO_SSOT\KNOWLEDGE_BASE\03_FOTO_PROYEK\FB_IMG_1786976071619.jpg","281408","8/17/2026 9:14:31 PM"
"D:\MICO_SSOT\KNOWLEDGE_BASE\03_FOTO_PROYEK\FB_IMG_1786976071619.jpg.md","197","9/7/2026 11:39:44 AM"
"D:\MICO_SSOT\KNOWLEDGE_BASE\03_FOTO_PROYEK\FB_IMG_1786976227712.jpg","206223","8/17/2026 9:17:07 PM"
"D:\MICO_SSOT\KNOWLEDGE_BASE\03_FOTO_PROYEK\FB_IMG_1786976227712.jpg.md","197","9/7/2026 11:39:45 AM"
"D:\MICO_SSOT\KNOWLEDGE_BASE\03_FOTO_PROYEK\FB_IMG_1786976387788.jpg","62963","8/17/2026 9:19:47 PM"
"D:\MICO_SSOT\KNOWLEDGE_BASE\03_FOTO_PROYEK\FB_IMG_1786976387788.jpg.md","197","9/7/2026 11:39:45 AM"
"D:\MICO_SSOT\KNOWLEDGE_BASE\03_FOTO_PROYEK\FB_IMG_1786976587438.jpg","177133","8/17/2026 9:23:07 PM"
"D:\MICO_SSOT\KNOWLEDGE_BASE\03_FOTO_PROYEK\FB_IMG_1786976587438.jpg.md","197","9/7/2026 11:39:45 AM"
"D:\MICO_SSOT\KNOWLEDGE_BASE\03_FOTO_PROYEK\FB_IMG_1786976641949.jpg","101638","8/17/2026 9:24:01 PM"
"D:\MICO_SSOT\KNOWLEDGE_BASE\03_FOTO_PROYEK\FB_IMG_1786976641949.jpg.md","197","9/7/2026 11:39:45 AM"
"D:\MICO_SSOT\KNOWLEDGE_BASE\03_FOTO_PROYEK\FB_IMG_1786976716798.jpg","219896","8/17/2026 9:25:16 PM"
"D:\MICO_SSOT\KNOWLEDGE_BASE\03_FOTO_PROYEK\FB_IMG_1786976716798.jpg.md","197","9/7/2026 11:39:45 AM"
"D:\MICO_SSOT\KNOWLEDGE_BASE\03_FOTO_PROYEK\FB_IMG_1786976857651.jpg","97274","8/17/2026 9:27:37 PM"
"D:\MICO_SSOT\KNOWLEDGE_BASE\03_FOTO_PROYEK\FB_IMG_1786976857651.jpg.md","197","9/7/2026 11:39:45 AM"
"D:\MICO_SSOT\KNOWLEDGE_BASE\03_FOTO_PROYEK\FB_IMG_1786977174942.jpg","169990","8/17/2026 9:32:54 PM"
"D:\MICO_SSOT\KNOWLEDGE_BASE\03_FOTO_PROYEK\FB_IMG_1786977174942.jpg.md","197","9/7/2026 11:39:45 AM"
"D:\MICO_SSOT\KNOWLEDGE_BASE\03_FOTO_PROYEK\FB_IMG_1786977226734.jpg","175275","8/17/2026 9:33:46 PM"
"D:\MICO_SSOT\KNOWLEDGE_BASE\03_FOTO_PROYEK\FB_IMG_1786977226734.jpg.md","197","9/7/2026 11:39:45 AM"
"D:\MICO_SSOT\KNOWLEDGE_BASE\03_FOTO_PROYEK\FB_IMG_1786977722114.jpg","158510","8/17/2026 9:42:02 PM"
"D:\MICO_SSOT\KNOWLEDGE_BASE\03_FOTO_PROYEK\FB_IMG_1786977722114.jpg.md","197","9/7/2026 11:39:45 AM"
"D:\MICO_SSOT\KNOWLEDGE_BASE\03_FOTO_PROYEK\FB_IMG_1786978106771.jpg","154340","8/17/2026 9:48:26 PM"
"D:\MICO_SSOT\KNOWLEDGE_BASE\03_FOTO_PROYEK\FB_IMG_1786978106771.jpg.md","197","9/7/2026 11:39:45 AM"
"D:\MICO_SSOT\KNOWLEDGE_BASE\03_FOTO_PROYEK\FB_IMG_1787036468285.jpg","168488","8/18/2026 2:01:08 PM"
"D:\MICO_SSOT\KNOWLEDGE_BASE\03_FOTO_PROYEK\FB_IMG_1787036468285.jpg.md","197","9/7/2026 11:39:46 AM"
"D:\MICO_SSOT\KNOWLEDGE_BASE\03_FOTO_PROYEK\FB_IMG_1787037652872.jpg","58875","8/18/2026 2:20:52 PM"
"D:\MICO_SSOT\KNOWLEDGE_BASE\03_FOTO_PROYEK\FB_IMG_1787037652872.jpg.md","197","9/7/2026 11:39:46 AM"
"D:\MICO_SSOT\KNOWLEDGE_BASE\03_FOTO_PROYEK\FB_IMG_1787058084081.jpg","166396","8/18/2026 8:01:24 PM"
"D:\MICO_SSOT\KNOWLEDGE_BASE\03_FOTO_PROYEK\FB_IMG_1787058084081.jpg.md","197","9/7/2026 11:39:46 AM"
"D:\MICO_SSOT\KNOWLEDGE_BASE\03_FOTO_PROYEK\FB_IMG_1787058117090.jpg","96699","8/18/2026 8:01:57 PM"
"D:\MICO_SSOT\KNOWLEDGE_BASE\03_FOTO_PROYEK\FB_IMG_1787058117090.jpg.md","197","9/7/2026 11:39:46 AM"
"D:\MICO_SSOT\KNOWLEDGE_BASE\03_FOTO_PROYEK\FB_IMG_1787092191071.jpg","95583","8/19/2026 5:29:51 AM"
"D:\MICO_SSOT\KNOWLEDGE_BASE\03_FOTO_PROYEK\FB_IMG_1787092191071.jpg.md","197","9/7/2026 11:39:46 AM"
"D:\MICO_SSOT\KNOWLEDGE_BASE\03_FOTO_PROYEK\FB_IMG_1787128177140.jpg","112909","8/19/2026 3:29:37 PM"
"D:\MICO_SSOT\KNOWLEDGE_BASE\03_FOTO_PROYEK\FB_IMG_1787128177140.jpg.md","197","9/7/2026 11:39:46 AM"
"D:\MICO_SSOT\KNOWLEDGE_BASE\03_FOTO_PROYEK\FB_IMG_1787129024634.jpg","175474","8/19/2026 3:43:44 PM"
"D:\MICO_SSOT\KNOWLEDGE_BASE\03_FOTO_PROYEK\FB_IMG_1787129024634.jpg.md","197","9/7/2026 11:39:46 AM"
"D:\MICO_SSOT\KNOWLEDGE_BASE\03_FOTO_PROYEK\FB_IMG_1787135621704.jpg","158781","8/19/2026 5:33:41 PM"
"D:\MICO_SSOT\KNOWLEDGE_BASE\03_FOTO_PROYEK\FB_IMG_1787135621704.jpg.md","197","9/7/2026 11:39:46 AM"
"D:\MICO_SSOT\KNOWLEDGE_BASE\03_FOTO_PROYEK\FB_IMG_1787135994320.jpg","243381","8/19/2026 5:39:54 PM"
"D:\MICO_SSOT\KNOWLEDGE_BASE\03_FOTO_PROYEK\FB_IMG_1787135994320.jpg.md","197","9/7/2026 11:39:46 AM"
"D:\MICO_SSOT\KNOWLEDGE_BASE\03_FOTO_PROYEK\FB_IMG_1787136611017.jpg","145139","8/19/2026 5:50:11 PM"
"D:\MICO_SSOT\KNOWLEDGE_BASE\03_FOTO_PROYEK\FB_IMG_1787136611017.jpg.md","197","9/7/2026 11:39:47 AM"
"D:\MICO_SSOT\KNOWLEDGE_BASE\03_FOTO_PROYEK\FB_IMG_1787136784143.jpg","114103","8/19/2026 5:53:04 PM"
"D:\MICO_SSOT\KNOWLEDGE_BASE\03_FOTO_PROYEK\FB_IMG_1787136784143.jpg.md","197","9/7/2026 11:39:47 AM"
"D:\MICO_SSOT\KNOWLEDGE_BASE\03_FOTO_PROYEK\FB_IMG_1787142861119.jpg","159530","8/19/2026 7:34:21 PM"
"D:\MICO_SSOT\KNOWLEDGE_BASE\03_FOTO_PROYEK\FB_IMG_1787142861119.jpg.md","197","9/7/2026 11:39:47 AM"
"D:\MICO_SSOT\KNOWLEDGE_BASE\03_FOTO_PROYEK\FB_IMG_1787142938504.jpg","158558","8/19/2026 7:35:38 PM"
"D:\MICO_SSOT\KNOWLEDGE_BASE\03_FOTO_PROYEK\FB_IMG_1787142938504.jpg.md","197","9/7/2026 11:39:47 AM"
"D:\MICO_SSOT\KNOWLEDGE_BASE\03_FOTO_PROYEK\FB_IMG_1787143306806.jpg","185086","8/19/2026 7:41:46 PM"
"D:\MICO_SSOT\KNOWLEDGE_BASE\03_FOTO_PROYEK\FB_IMG_1787143306806.jpg.md","197","9/7/2026 11:39:47 AM"
"D:\MICO_SSOT\KNOWLEDGE_BASE\03_FOTO_PROYEK\FB_IMG_1787154007253.jpg","228280","8/19/2026 10:40:07 PM"
"D:\MICO_SSOT\KNOWLEDGE_BASE\03_FOTO_PROYEK\FB_IMG_1787154007253.jpg.md","197","9/7/2026 11:39:47 AM"
"D:\MICO_SSOT\KNOWLEDGE_BASE\03_FOTO_PROYEK\FB_IMG_1787199676362.jpg","180234","8/20/2026 11:21:16 AM"
"D:\MICO_SSOT\KNOWLEDGE_BASE\03_FOTO_PROYEK\FB_IMG_1787199676362.jpg.md","197","9/7/2026 11:39:47 AM"
"D:\MICO_SSOT\KNOWLEDGE_BASE\03_FOTO_PROYEK\FB_IMG_1787205632017.jpg","108172","9/6/2026 6:37:05 PM"
"D:\MICO_SSOT\KNOWLEDGE_BASE\03_FOTO_PROYEK\FB_IMG_1787205632017.jpg.md","197","9/7/2026 11:39:48 AM"
"D:\MICO_SSOT\KNOWLEDGE_BASE\03_FOTO_PROYEK\FB_IMG_1787205634400.jpg","67868","8/20/2026 1:00:34 PM"
"D:\MICO_SSOT\KNOWLEDGE_BASE\03_FOTO_PROYEK\FB_IMG_1787205634400.jpg.md","197","9/7/2026 11:39:48 AM"
"D:\MICO_SSOT\KNOWLEDGE_BASE\03_FOTO_PROYEK\FB_IMG_1787205654524.jpg","176582","8/20/2026 1:00:54 PM"
"D:\MICO_SSOT\KNOWLEDGE_BASE\03_FOTO_PROYEK\FB_IMG_1787205654524.jpg.md","197","9/7/2026 11:39:48 AM"
"D:\MICO_SSOT\KNOWLEDGE_BASE\03_FOTO_PROYEK\FB_IMG_1787221858799.jpg","32541","8/20/2026 5:30:58 PM"
"D:\MICO_SSOT\KNOWLEDGE_BASE\03_FOTO_PROYEK\FB_IMG_1787221858799.jpg.md","197","9/7/2026 11:39:48 AM"
"D:\MICO_SSOT\KNOWLEDGE_BASE\03_FOTO_PROYEK\FB_IMG_1787222242328.jpg","197399","8/20/2026 5:37:22 PM"
"D:\MICO_SSOT\KNOWLEDGE_BASE\03_FOTO_PROYEK\FB_IMG_1787222242328.jpg.md","197","9/7/2026 11:39:48 AM"
"D:\MICO_SSOT\KNOWLEDGE_BASE\03_FOTO_PROYEK\FB_IMG_1787308133544.jpg","193063","9/6/2026 6:36:56 PM"
"D:\MICO_SSOT\KNOWLEDGE_BASE\03_FOTO_PROYEK\FB_IMG_1787308133544.jpg.md","197","9/7/2026 11:39:48 AM"
"D:\MICO_SSOT\KNOWLEDGE_BASE\03_FOTO_PROYEK\FB_IMG_1787308175803.jpg","54320","8/21/2026 5:29:35 PM"
"D:\MICO_SSOT\KNOWLEDGE_BASE\03_FOTO_PROYEK\FB_IMG_1787308175803.jpg.md","197","9/7/2026 11:39:48 AM"
"D:\MICO_SSOT\KNOWLEDGE_BASE\03_FOTO_PROYEK\FB_IMG_1787308193224.jpg","161717","9/6/2026 6:36:56 PM"
"D:\MICO_SSOT\KNOWLEDGE_BASE\03_FOTO_PROYEK\FB_IMG_1787308193224.jpg.md","197","9/7/2026 11:39:49 AM"
"D:\MICO_SSOT\KNOWLEDGE_BASE\03_FOTO_PROYEK\FB_IMG_1787308206230.jpg","161057","9/6/2026 6:36:55 PM"
"D:\MICO_SSOT\KNOWLEDGE_BASE\03_FOTO_PROYEK\FB_IMG_1787308206230.jpg.md","197","9/7/2026 11:39:49 AM"
"D:\MICO_SSOT\KNOWLEDGE_BASE\03_FOTO_PROYEK\FB_IMG_1787341442572.jpg","113125","8/22/2026 2:44:02 AM"
"D:\MICO_SSOT\KNOWLEDGE_BASE\03_FOTO_PROYEK\FB_IMG_1787341442572.jpg.md","197","9/7/2026 11:39:49 AM"
"D:\MICO_SSOT\KNOWLEDGE_BASE\03_FOTO_PROYEK\FB_IMG_1787342521566.jpg","136848","8/22/2026 3:02:01 AM"
"D:\MICO_SSOT\KNOWLEDGE_BASE\03_FOTO_PROYEK\FB_IMG_1787342521566.jpg.md","197","9/7/2026 11:39:49 AM"
"D:\MICO_SSOT\KNOWLEDGE_BASE\03_FOTO_PROYEK\FB_IMG_1787368490448.jpg","120193","8/22/2026 10:14:50 AM"
"D:\MICO_SSOT\KNOWLEDGE_BASE\03_FOTO_PROYEK\FB_IMG_1787368490448.jpg.md","197","9/7/2026 11:39:49 AM"
"D:\MICO_SSOT\KNOWLEDGE_BASE\03_FOTO_PROYEK\FB_IMG_1787368605641.jpg","50180","8/22/2026 10:16:45 AM"
"D:\MICO_SSOT\KNOWLEDGE_BASE\03_FOTO_PROYEK\FB_IMG_1787368605641.jpg.md","197","9/7/2026 11:39:49 AM"
"D:\MICO_SSOT\KNOWLEDGE_BASE\03_FOTO_PROYEK\FB_IMG_1787368680887.jpg","210896","8/22/2026 10:18:00 AM"
"D:\MICO_SSOT\KNOWLEDGE_BASE\03_FOTO_PROYEK\FB_IMG_1787368680887.jpg.md","197","9/7/2026 11:39:49 AM"
"D:\MICO_SSOT\KNOWLEDGE_BASE\03_FOTO_PROYEK\FB_IMG_1787368742869.jpg","146885","8/22/2026 10:19:02 AM"
"D:\MICO_SSOT\KNOWLEDGE_BASE\03_FOTO_PROYEK\FB_IMG_1787368742869.jpg.md","197","9/7/2026 11:39:50 AM"
"D:\MICO_SSOT\KNOWLEDGE_BASE\03_FOTO_PROYEK\FB_IMG_1787368750737.jpg","189880","8/22/2026 10:19:10 AM"
"D:\MICO_SSOT\KNOWLEDGE_BASE\03_FOTO_PROYEK\FB_IMG_1787368750737.jpg.md","197","9/7/2026 11:39:50 AM"
"D:\MICO_SSOT\KNOWLEDGE_BASE\03_FOTO_PROYEK\FB_IMG_1787369013677.jpg","123550","8/22/2026 10:23:33 AM"
"D:\MICO_SSOT\KNOWLEDGE_BASE\03_FOTO_PROYEK\FB_IMG_1787369013677.jpg.md","197","9/7/2026 11:39:50 AM"
"D:\MICO_SSOT\KNOWLEDGE_BASE\03_FOTO_PROYEK\FB_IMG_1787369168226.jpg","109935","8/22/2026 10:26:08 AM"
"D:\MICO_SSOT\KNOWLEDGE_BASE\03_FOTO_PROYEK\FB_IMG_1787369168226.jpg.md","197","9/7/2026 11:39:50 AM"
"D:\MICO_SSOT\KNOWLEDGE_BASE\03_FOTO_PROYEK\FB_IMG_1787369178225.jpg","165667","8/22/2026 10:26:18 AM"
"D:\MICO_SSOT\KNOWLEDGE_BASE\03_FOTO_PROYEK\FB_IMG_1787369178225.jpg.md","197","9/7/2026 11:39:50 AM"
"D:\MICO_SSOT\KNOWLEDGE_BASE\03_FOTO_PROYEK\FB_IMG_1787369200926.jpg","147332","8/22/2026 10:26:40 AM"
"D:\MICO_SSOT\KNOWLEDGE_BASE\03_FOTO_PROYEK\FB_IMG_1787369200926.jpg.md","197","9/7/2026 11:39:50 AM"
"D:\MICO_SSOT\KNOWLEDGE_BASE\03_FOTO_PROYEK\FB_IMG_1787369221871.jpg","165948","8/22/2026 10:27:01 AM"
"D:\MICO_SSOT\KNOWLEDGE_BASE\03_FOTO_PROYEK\FB_IMG_1787369221871.jpg.md","197","9/7/2026 11:39:50 AM"
"D:\MICO_SSOT\KNOWLEDGE_BASE\03_FOTO_PROYEK\FB_IMG_1787369244838.jpg","121783","8/22/2026 10:27:24 AM"
"D:\MICO_SSOT\KNOWLEDGE_BASE\03_FOTO_PROYEK\FB_IMG_1787369244838.jpg.md","197","9/7/2026 11:39:50 AM"
"D:\MICO_SSOT\KNOWLEDGE_BASE\03_FOTO_PROYEK\FB_IMG_1787369280218.jpg","195508","8/22/2026 10:28:00 AM"
"D:\MICO_SSOT\KNOWLEDGE_BASE\03_FOTO_PROYEK\FB_IMG_1787369280218.jpg.md","197","9/7/2026 11:39:50 AM"
"D:\MICO_SSOT\KNOWLEDGE_BASE\03_FOTO_PROYEK\FB_IMG_1787369319067.jpg","186844","8/22/2026 10:28:39 AM"
"D:\MICO_SSOT\KNOWLEDGE_BASE\03_FOTO_PROYEK\FB_IMG_1787369319067.jpg.md","197","9/7/2026 11:39:50 AM"
"D:\MICO_SSOT\KNOWLEDGE_BASE\03_FOTO_PROYEK\FB_IMG_1787369344991.jpg","175328","8/22/2026 10:29:05 AM"
"D:\MICO_SSOT\KNOWLEDGE_BASE\03_FOTO_PROYEK\FB_IMG_1787369344991.jpg.md","197","9/7/2026 11:39:51 AM"
"D:\MICO_SSOT\KNOWLEDGE_BASE\03_FOTO_PROYEK\FB_IMG_1787369358493.jpg","162766","8/22/2026 10:29:18 AM"
"D:\MICO_SSOT\KNOWLEDGE_BASE\03_FOTO_PROYEK\FB_IMG_1787369358493.jpg.md","197","9/7/2026 11:39:51 AM"
"D:\MICO_SSOT\KNOWLEDGE_BASE\03_FOTO_PROYEK\FB_IMG_1787369387891.jpg","162801","8/22/2026 10:29:47 AM"
"D:\MICO_SSOT\KNOWLEDGE_BASE\03_FOTO_PROYEK\FB_IMG_1787369387891.jpg.md","197","9/7/2026 11:39:51 AM"
"D:\MICO_SSOT\KNOWLEDGE_BASE\03_FOTO_PROYEK\FB_IMG_1787369412273.jpg","96029","8/22/2026 10:30:12 AM"
"D:\MICO_SSOT\KNOWLEDGE_BASE\03_FOTO_PROYEK\FB_IMG_1787369412273.jpg.md","197","9/7/2026 11:39:51 AM"
"D:\MICO_SSOT\KNOWLEDGE_BASE\03_FOTO_PROYEK\FB_IMG_1787369414840.jpg","74274","8/22/2026 10:30:14 AM"
"D:\MICO_SSOT\KNOWLEDGE_BASE\03_FOTO_PROYEK\FB_IMG_1787369414840.jpg.md","197","9/7/2026 11:39:51 AM"
"D:\MICO_SSOT\KNOWLEDGE_BASE\03_FOTO_PROYEK\FB_IMG_1787369417221.jpg","69479","8/22/2026 10:30:17 AM"
"D:\MICO_SSOT\KNOWLEDGE_BASE\03_FOTO_PROYEK\FB_IMG_1787369417221.jpg.md","197","9/7/2026 11:39:51 AM"
"D:\MICO_SSOT\KNOWLEDGE_BASE\03_FOTO_PROYEK\FB_IMG_1787369419438.jpg","70550","8/22/2026 10:30:19 AM"
"D:\MICO_SSOT\KNOWLEDGE_BASE\03_FOTO_PROYEK\FB_IMG_1787369419438.jpg.md","197","9/7/2026 11:39:51 AM"
"D:\MICO_SSOT\KNOWLEDGE_BASE\03_FOTO_PROYEK\FB_IMG_1787369421754.jpg","69278","8/22/2026 10:30:21 AM"
"D:\MICO_SSOT\KNOWLEDGE_BASE\03_FOTO_PROYEK\FB_IMG_1787369421754.jpg.md","197","9/7/2026 11:39:51 AM"
"D:\MICO_SSOT\KNOWLEDGE_BASE\03_FOTO_PROYEK\FB_IMG_1787369423952.jpg","64772","8/22/2026 10:30:23 AM"
"D:\MICO_SSOT\KNOWLEDGE_BASE\03_FOTO_PROYEK\FB_IMG_1787369423952.jpg.md","197","9/7/2026 11:39:51 AM"
"D:\MICO_SSOT\KNOWLEDGE_BASE\03_FOTO_PROYEK\FB_IMG_1787369426203.jpg","67263","8/22/2026 10:30:26 AM"
"D:\MICO_SSOT\KNOWLEDGE_BASE\03_FOTO_PROYEK\FB_IMG_1787369426203.jpg.md","197","9/7/2026 11:39:51 AM"
"D:\MICO_SSOT\KNOWLEDGE_BASE\03_FOTO_PROYEK\FB_IMG_1787369428422.jpg","62469","8/22/2026 10:30:28 AM"
"D:\MICO_SSOT\KNOWLEDGE_BASE\03_FOTO_PROYEK\FB_IMG_1787369428422.jpg.md","197","9/7/2026 11:39:52 AM"
"D:\MICO_SSOT\KNOWLEDGE_BASE\03_FOTO_PROYEK\FB_IMG_1787369430607.jpg","66110","8/22/2026 10:30:30 AM"
"D:\MICO_SSOT\KNOWLEDGE_BASE\03_FOTO_PROYEK\FB_IMG_1787369430607.jpg.md","197","9/7/2026 11:39:52 AM"
"D:\MICO_SSOT\KNOWLEDGE_BASE\03_FOTO_PROYEK\FB_IMG_1787369432800.jpg","72595","8/22/2026 10:30:32 AM"
"D:\MICO_SSOT\KNOWLEDGE_BASE\03_FOTO_PROYEK\FB_IMG_1787369432800.jpg.md","197","9/7/2026 11:39:52 AM"
"D:\MICO_SSOT\KNOWLEDGE_BASE\03_FOTO_PROYEK\FB_IMG_1787369435049.jpg","61745","8/22/2026 10:30:35 AM"
"D:\MICO_SSOT\KNOWLEDGE_BASE\03_FOTO_PROYEK\FB_IMG_1787369435049.jpg.md","197","9/7/2026 11:39:52 AM"
"D:\MICO_SSOT\KNOWLEDGE_BASE\03_FOTO_PROYEK\FB_IMG_1787369437422.jpg","81974","8/22/2026 10:30:37 AM"
"D:\MICO_SSOT\KNOWLEDGE_BASE\03_FOTO_PROYEK\FB_IMG_1787369437422.jpg.md","197","9/7/2026 11:39:52 AM"
"D:\MICO_SSOT\KNOWLEDGE_BASE\03_FOTO_PROYEK\FB_IMG_1787369439651.jpg","80168","8/22/2026 10:30:39 AM"
"D:\MICO_SSOT\KNOWLEDGE_BASE\03_FOTO_PROYEK\FB_IMG_1787369439651.jpg.md","197","9/7/2026 11:39:52 AM"
"D:\MICO_SSOT\KNOWLEDGE_BASE\03_FOTO_PROYEK\FB_IMG_1787369441850.jpg","69383","8/22/2026 10:30:41 AM"
"D:\MICO_SSOT\KNOWLEDGE_BASE\03_FOTO_PROYEK\FB_IMG_1787369441850.jpg.md","197","9/7/2026 11:39:52 AM"
"D:\MICO_SSOT\KNOWLEDGE_BASE\03_FOTO_PROYEK\FB_IMG_1787369443952.jpg","67498","8/22/2026 10:30:43 AM"
"D:\MICO_SSOT\KNOWLEDGE_BASE\03_FOTO_PROYEK\FB_IMG_1787369443952.jpg.md","197","9/7/2026 11:39:52 AM"
"D:\MICO_SSOT\KNOWLEDGE_BASE\03_FOTO_PROYEK\FB_IMG_1787431210008.jpg","119015","8/23/2026 3:40:10 AM"
"D:\MICO_SSOT\KNOWLEDGE_BASE\03_FOTO_PROYEK\FB_IMG_1787431210008.jpg.md","197","9/7/2026 11:39:52 AM"
"D:\MICO_SSOT\KNOWLEDGE_BASE\03_FOTO_PROYEK\FB_IMG_1787431228750.jpg","82972","8/23/2026 3:40:28 AM"
"D:\MICO_SSOT\KNOWLEDGE_BASE\03_FOTO_PROYEK\FB_IMG_1787431228750.jpg.md","197","9/7/2026 11:39:53 AM"
"D:\MICO_SSOT\KNOWLEDGE_BASE\03_FOTO_PROYEK\FB_IMG_1787431250550.jpg","172397","8/23/2026 3:40:50 AM"
"D:\MICO_SSOT\KNOWLEDGE_BASE\03_FOTO_PROYEK\FB_IMG_1787431250550.jpg.md","197","9/7/2026 11:39:53 AM"
"D:\MICO_SSOT\KNOWLEDGE_BASE\03_FOTO_PROYEK\FB_IMG_1787431264663.jpg","156409","8/23/2026 3:41:04 AM"
"D:\MICO_SSOT\KNOWLEDGE_BASE\03_FOTO_PROYEK\FB_IMG_1787431264663.jpg.md","197","9/7/2026 11:39:53 AM"
"D:\MICO_SSOT\KNOWLEDGE_BASE\03_FOTO_PROYEK\FB_IMG_1787437326704.jpg","177185","8/23/2026 5:22:06 AM"
"D:\MICO_SSOT\KNOWLEDGE_BASE\03_FOTO_PROYEK\FB_IMG_1787437326704.jpg.md","197","9/7/2026 11:39:53 AM"
"D:\MICO_SSOT\KNOWLEDGE_BASE\03_FOTO_PROYEK\FB_IMG_1787437597023.jpg","167460","8/23/2026 5:26:37 AM"
"D:\MICO_SSOT\KNOWLEDGE_BASE\03_FOTO_PROYEK\FB_IMG_1787437597023.jpg.md","197","9/7/2026 11:39:53 AM"
"D:\MICO_SSOT\KNOWLEDGE_BASE\03_FOTO_PROYEK\FB_IMG_1787437668318.jpg","216251","8/23/2026 5:27:48 AM"
"D:\MICO_SSOT\KNOWLEDGE_BASE\03_FOTO_PROYEK\FB_IMG_1787437668318.jpg.md","197","9/7/2026 11:39:53 AM"
"D:\MICO_SSOT\KNOWLEDGE_BASE\03_FOTO_PROYEK\FB_IMG_1787440356379.jpg","139433","8/23/2026 6:12:36 AM"
"D:\MICO_SSOT\KNOWLEDGE_BASE\03_FOTO_PROYEK\FB_IMG_1787440356379.jpg.md","197","9/7/2026 11:39:53 AM"
"D:\MICO_SSOT\KNOWLEDGE_BASE\03_FOTO_PROYEK\FB_IMG_1787440381424.jpg","184606","8/23/2026 6:13:01 AM"
"D:\MICO_SSOT\KNOWLEDGE_BASE\03_FOTO_PROYEK\FB_IMG_1787440381424.jpg.md","197","9/7/2026 11:39:54 AM"
"D:\MICO_SSOT\KNOWLEDGE_BASE\03_FOTO_PROYEK\FB_IMG_1787440398372.jpg","218667","8/23/2026 6:13:18 AM"
"D:\MICO_SSOT\KNOWLEDGE_BASE\03_FOTO_PROYEK\FB_IMG_1787440398372.jpg.md","197","9/7/2026 11:39:54 AM"
"D:\MICO_SSOT\KNOWLEDGE_BASE\03_FOTO_PROYEK\FB_IMG_1787440408824.jpg","194602","8/23/2026 6:13:28 AM"
"D:\MICO_SSOT\KNOWLEDGE_BASE\03_FOTO_PROYEK\FB_IMG_1787440408824.jpg.md","197","9/7/2026 11:39:54 AM"
"D:\MICO_SSOT\KNOWLEDGE_BASE\03_FOTO_PROYEK\FB_IMG_1787440414890.jpg","215098","8/23/2026 6:13:34 AM"
"D:\MICO_SSOT\KNOWLEDGE_BASE\03_FOTO_PROYEK\FB_IMG_1787440414890.jpg.md","197","9/7/2026 11:39:54 AM"
"D:\MICO_SSOT\KNOWLEDGE_BASE\03_FOTO_PROYEK\FB_IMG_1787443638348.jpg","114554","8/23/2026 7:07:18 AM"
"D:\MICO_SSOT\KNOWLEDGE_BASE\03_FOTO_PROYEK\FB_IMG_1787443638348.jpg.md","197","9/7/2026 11:39:54 AM"
"D:\MICO_SSOT\KNOWLEDGE_BASE\03_FOTO_PROYEK\FB_IMG_1787443676422.jpg","176982","8/23/2026 7:07:56 AM"
"D:\MICO_SSOT\KNOWLEDGE_BASE\03_FOTO_PROYEK\FB_IMG_1787443676422.jpg.md","197","9/7/2026 11:39:54 AM"
"D:\MICO_SSOT\KNOWLEDGE_BASE\03_FOTO_PROYEK\FB_IMG_1787467716703.jpg","159100","8/23/2026 1:48:36 PM"
"D:\MICO_SSOT\KNOWLEDGE_BASE\03_FOTO_PROYEK\FB_IMG_1787467716703.jpg.md","197","9/7/2026 11:39:54 AM"
"D:\MICO_SSOT\KNOWLEDGE_BASE\03_FOTO_PROYEK\FB_IMG_1787480180793.jpg","183462","8/23/2026 5:16:20 PM"
"D:\MICO_SSOT\KNOWLEDGE_BASE\03_FOTO_PROYEK\FB_IMG_1787480180793.jpg.md","197","9/7/2026 11:39:55 AM"
"D:\MICO_SSOT\KNOWLEDGE_BASE\03_FOTO_PROYEK\FB_IMG_1787480228231.jpg","229701","8/23/2026 5:17:08 PM"
"D:\MICO_SSOT\KNOWLEDGE_BASE\03_FOTO_PROYEK\FB_IMG_1787480228231.jpg.md","197","9/7/2026 11:39:55 AM"
"D:\MICO_SSOT\KNOWLEDGE_BASE\03_FOTO_PROYEK\FB_IMG_1787498206717.jpg","124015","8/23/2026 10:16:46 PM"
"D:\MICO_SSOT\KNOWLEDGE_BASE\03_FOTO_PROYEK\FB_IMG_1787498206717.jpg.md","197","9/7/2026 11:39:55 AM"
"D:\MICO_SSOT\KNOWLEDGE_BASE\03_FOTO_PROYEK\FB_IMG_1787501142083.jpg","163067","9/6/2026 6:36:20 PM"
"D:\MICO_SSOT\KNOWLEDGE_BASE\03_FOTO_PROYEK\FB_IMG_1787501142083.jpg.md","197","9/7/2026 11:39:55 AM"
"D:\MICO_SSOT\KNOWLEDGE_BASE\03_FOTO_PROYEK\FB_IMG_1787544408098.jpg","68442","8/24/2026 11:06:48 AM"
"D:\MICO_SSOT\KNOWLEDGE_BASE\03_FOTO_PROYEK\FB_IMG_1787544408098.jpg.md","197","9/7/2026 11:39:55 AM"
"D:\MICO_SSOT\KNOWLEDGE_BASE\03_FOTO_PROYEK\FB_IMG_1787558017835.jpg","65638","8/24/2026 2:53:37 PM"
"D:\MICO_SSOT\KNOWLEDGE_BASE\03_FOTO_PROYEK\FB_IMG_1787558017835.jpg.md","197","9/7/2026 11:39:55 AM"
"D:\MICO_SSOT\KNOWLEDGE_BASE\03_FOTO_PROYEK\FB_IMG_1787558953825.jpg","193378","8/24/2026 3:09:13 PM"
"D:\MICO_SSOT\KNOWLEDGE_BASE\03_FOTO_PROYEK\FB_IMG_1787558953825.jpg.md","197","9/7/2026 11:39:55 AM"
"D:\MICO_SSOT\KNOWLEDGE_BASE\03_FOTO_PROYEK\FB_IMG_1787560048024.jpg","142071","8/24/2026 3:27:28 PM"
"D:\MICO_SSOT\KNOWLEDGE_BASE\03_FOTO_PROYEK\FB_IMG_1787560048024.jpg.md","197","9/7/2026 11:39:56 AM"
"D:\MICO_SSOT\KNOWLEDGE_BASE\03_FOTO_PROYEK\FB_IMG_1787568227782.jpg","149248","8/24/2026 5:43:47 PM"
"D:\MICO_SSOT\KNOWLEDGE_BASE\03_FOTO_PROYEK\FB_IMG_1787568227782.jpg.md","197","9/7/2026 11:39:56 AM"
"D:\MICO_SSOT\KNOWLEDGE_BASE\03_FOTO_PROYEK\FB_IMG_1787568739414.jpg","56548","8/24/2026 5:52:19 PM"
"D:\MICO_SSOT\KNOWLEDGE_BASE\03_FOTO_PROYEK\FB_IMG_1787568739414.jpg.md","197","9/7/2026 11:39:56 AM"
"D:\MICO_SSOT\KNOWLEDGE_BASE\03_FOTO_PROYEK\FB_IMG_1787568909026.jpg","105338","8/24/2026 5:55:09 PM"
"D:\MICO_SSOT\KNOWLEDGE_BASE\03_FOTO_PROYEK\FB_IMG_1787568909026.jpg.md","197","9/7/2026 11:39:56 AM"
"D:\MICO_SSOT\KNOWLEDGE_BASE\03_FOTO_PROYEK\FB_IMG_1787569780526.jpg","191844","8/24/2026 6:09:40 PM"
"D:\MICO_SSOT\KNOWLEDGE_BASE\03_FOTO_PROYEK\FB_IMG_1787569780526.jpg.md","197","9/7/2026 11:39:56 AM"
"D:\MICO_SSOT\KNOWLEDGE_BASE\03_FOTO_PROYEK\FB_IMG_1787569854939.jpg","140085","8/24/2026 6:10:54 PM"
"D:\MICO_SSOT\KNOWLEDGE_BASE\03_FOTO_PROYEK\FB_IMG_1787569854939.jpg.md","197","9/7/2026 11:39:56 AM"
"D:\MICO_SSOT\KNOWLEDGE_BASE\03_FOTO_PROYEK\FB_IMG_1787569916226.jpg","137386","8/24/2026 6:11:56 PM"
"D:\MICO_SSOT\KNOWLEDGE_BASE\03_FOTO_PROYEK\FB_IMG_1787569916226.jpg.md","197","9/7/2026 11:39:56 AM"
"D:\MICO_SSOT\KNOWLEDGE_BASE\03_FOTO_PROYEK\FB_IMG_1787576526366.jpg","166760","8/24/2026 8:02:06 PM"
"D:\MICO_SSOT\KNOWLEDGE_BASE\03_FOTO_PROYEK\FB_IMG_1787576526366.jpg.md","197","9/7/2026 11:39:56 AM"
"D:\MICO_SSOT\KNOWLEDGE_BASE\03_FOTO_PROYEK\FB_IMG_1787576598635.jpg","165242","8/24/2026 8:03:18 PM"
"D:\MICO_SSOT\KNOWLEDGE_BASE\03_FOTO_PROYEK\FB_IMG_1787576598635.jpg.md","197","9/7/2026 11:39:56 AM"
"D:\MICO_SSOT\KNOWLEDGE_BASE\03_FOTO_PROYEK\FB_IMG_1787576715930.jpg","115646","8/24/2026 8:05:15 PM"
"D:\MICO_SSOT\KNOWLEDGE_BASE\03_FOTO_PROYEK\FB_IMG_1787576715930.jpg.md","197","9/7/2026 11:39:56 AM"
"D:\MICO_SSOT\KNOWLEDGE_BASE\03_FOTO_PROYEK\FB_IMG_1787576786800.jpg","166816","8/24/2026 8:06:26 PM"
"D:\MICO_SSOT\KNOWLEDGE_BASE\03_FOTO_PROYEK\FB_IMG_1787576786800.jpg.md","197","9/7/2026 11:39:57 AM"
"D:\MICO_SSOT\KNOWLEDGE_BASE\03_FOTO_PROYEK\FB_IMG_1787576929590.jpg","28059","8/24/2026 8:08:49 PM"
"D:\MICO_SSOT\KNOWLEDGE_BASE\03_FOTO_PROYEK\FB_IMG_1787576929590.jpg.md","197","9/7/2026 11:39:57 AM"
"D:\MICO_SSOT\KNOWLEDGE_BASE\03_FOTO_PROYEK\FB_IMG_1787576946562.jpg","168655","8/24/2026 8:09:06 PM"
"D:\MICO_SSOT\KNOWLEDGE_BASE\03_FOTO_PROYEK\FB_IMG_1787576946562.jpg.md","197","9/7/2026 11:39:57 AM"
"D:\MICO_SSOT\KNOWLEDGE_BASE\03_FOTO_PROYEK\FB_IMG_1787576952348.jpg","142143","8/24/2026 8:09:12 PM"
"D:\MICO_SSOT\KNOWLEDGE_BASE\03_FOTO_PROYEK\FB_IMG_1787576952348.jpg.md","197","9/7/2026 11:39:57 AM"
"D:\MICO_SSOT\KNOWLEDGE_BASE\03_FOTO_PROYEK\FB_IMG_1787576969059.jpg","85197","8/24/2026 8:09:29 PM"
"D:\MICO_SSOT\KNOWLEDGE_BASE\03_FOTO_PROYEK\FB_IMG_1787576969059.jpg.md","197","9/7/2026 11:39:57 AM"
"D:\MICO_SSOT\KNOWLEDGE_BASE\03_FOTO_PROYEK\FB_IMG_1787577077306.jpg","192143","8/24/2026 8:11:17 PM"
"D:\MICO_SSOT\KNOWLEDGE_BASE\03_FOTO_PROYEK\FB_IMG_1787577077306.jpg.md","197","9/7/2026 11:39:57 AM"
"D:\MICO_SSOT\KNOWLEDGE_BASE\03_FOTO_PROYEK\FB_IMG_1787577301369.jpg","169666","8/24/2026 8:15:01 PM"
"D:\MICO_SSOT\KNOWLEDGE_BASE\03_FOTO_PROYEK\FB_IMG_1787577301369.jpg.md","197","9/7/2026 11:39:57 AM"
"D:\MICO_SSOT\KNOWLEDGE_BASE\03_FOTO_PROYEK\FB_IMG_1787577336046.jpg","221645","8/24/2026 8:15:36 PM"
"D:\MICO_SSOT\KNOWLEDGE_BASE\03_FOTO_PROYEK\FB_IMG_1787577336046.jpg.md","197","9/7/2026 11:39:57 AM"
"D:\MICO_SSOT\KNOWLEDGE_BASE\03_FOTO_PROYEK\FB_IMG_1787581067986.jpg","93829","8/24/2026 9:17:48 PM"
"D:\MICO_SSOT\KNOWLEDGE_BASE\03_FOTO_PROYEK\FB_IMG_1787581067986.jpg.md","197","9/7/2026 11:39:57 AM"
"D:\MICO_SSOT\KNOWLEDGE_BASE\03_FOTO_PROYEK\FB_IMG_1787582839012.jpg","194036","9/6/2026 6:35:50 PM"
"D:\MICO_SSOT\KNOWLEDGE_BASE\03_FOTO_PROYEK\FB_IMG_1787582839012.jpg.md","197","9/7/2026 11:39:57 AM"
"D:\MICO_SSOT\KNOWLEDGE_BASE\03_FOTO_PROYEK\FB_IMG_1787582856827.jpg","208674","8/24/2026 9:47:36 PM"
"D:\MICO_SSOT\KNOWLEDGE_BASE\03_FOTO_PROYEK\FB_IMG_1787582856827.jpg.md","197","9/7/2026 11:39:58 AM"
"D:\MICO_SSOT\KNOWLEDGE_BASE\03_FOTO_PROYEK\FB_IMG_1787584356481.jpg","155845","9/6/2026 6:35:49 PM"
"D:\MICO_SSOT\KNOWLEDGE_BASE\03_FOTO_PROYEK\FB_IMG_1787584356481.jpg.md","197","9/7/2026 11:39:58 AM"
"D:\MICO_SSOT\KNOWLEDGE_BASE\03_FOTO_PROYEK\FB_IMG_1787585429651.jpg","211240","8/24/2026 10:30:29 PM"
"D:\MICO_SSOT\KNOWLEDGE_BASE\03_FOTO_PROYEK\FB_IMG_1787585429651.jpg.md","197","9/7/2026 11:39:58 AM"
"D:\MICO_SSOT\KNOWLEDGE_BASE\03_FOTO_PROYEK\FB_IMG_1787585615811.jpg","190185","8/24/2026 10:33:35 PM"
"D:\MICO_SSOT\KNOWLEDGE_BASE\03_FOTO_PROYEK\FB_IMG_1787585615811.jpg.md","197","9/7/2026 11:39:58 AM"
"D:\MICO_SSOT\KNOWLEDGE_BASE\03_FOTO_PROYEK\FB_IMG_1787586421177.jpg","114122","8/24/2026 10:47:01 PM"
"D:\MICO_SSOT\KNOWLEDGE_BASE\03_FOTO_PROYEK\FB_IMG_1787586421177.jpg.md","197","9/7/2026 11:39:58 AM"
"D:\MICO_SSOT\KNOWLEDGE_BASE\03_FOTO_PROYEK\FB_IMG_1787586499499.jpg","160382","8/24/2026 10:48:19 PM"
"D:\MICO_SSOT\KNOWLEDGE_BASE\03_FOTO_PROYEK\FB_IMG_1787586499499.jpg.md","197","9/7/2026 11:39:58 AM"
"D:\MICO_SSOT\KNOWLEDGE_BASE\03_FOTO_PROYEK\FB_IMG_1787586669402.jpg","103399","8/24/2026 10:51:09 PM"
"D:\MICO_SSOT\KNOWLEDGE_BASE\03_FOTO_PROYEK\FB_IMG_1787586669402.jpg.md","197","9/7/2026 11:39:58 AM"
"D:\MICO_SSOT\KNOWLEDGE_BASE\03_FOTO_PROYEK\FB_IMG_1787586671566.jpg","102906","8/24/2026 10:51:11 PM"
"D:\MICO_SSOT\KNOWLEDGE_BASE\03_FOTO_PROYEK\FB_IMG_1787586671566.jpg.md","197","9/7/2026 11:39:59 AM"
"D:\MICO_SSOT\KNOWLEDGE_BASE\03_FOTO_PROYEK\FB_IMG_1787586673594.jpg","113921","8/24/2026 10:51:13 PM"
"D:\MICO_SSOT\KNOWLEDGE_BASE\03_FOTO_PROYEK\FB_IMG_1787586673594.jpg.md","197","9/7/2026 11:39:59 AM"
"D:\MICO_SSOT\KNOWLEDGE_BASE\03_FOTO_PROYEK\FB_IMG_1787586675844.jpg","118565","8/24/2026 10:51:15 PM"
"D:\MICO_SSOT\KNOWLEDGE_BASE\03_FOTO_PROYEK\FB_IMG_1787586675844.jpg.md","197","9/7/2026 11:39:59 AM"
"D:\MICO_SSOT\KNOWLEDGE_BASE\03_FOTO_PROYEK\FB_IMG_1787586680657.jpg","120920","8/24/2026 10:51:20 PM"
"D:\MICO_SSOT\KNOWLEDGE_BASE\03_FOTO_PROYEK\FB_IMG_1787586680657.jpg.md","197","9/7/2026 11:39:59 AM"
"D:\MICO_SSOT\KNOWLEDGE_BASE\03_FOTO_PROYEK\FB_IMG_1787586697241.jpg","126866","8/24/2026 10:51:37 PM"
"D:\MICO_SSOT\KNOWLEDGE_BASE\03_FOTO_PROYEK\FB_IMG_1787586697241.jpg.md","197","9/7/2026 11:39:59 AM"
"D:\MICO_SSOT\KNOWLEDGE_BASE\03_FOTO_PROYEK\FB_IMG_1787587901804.jpg","179519","8/24/2026 11:11:41 PM"
"D:\MICO_SSOT\KNOWLEDGE_BASE\03_FOTO_PROYEK\FB_IMG_1787587901804.jpg.md","197","9/7/2026 11:39:59 AM"
"D:\MICO_SSOT\KNOWLEDGE_BASE\03_FOTO_PROYEK\FB_IMG_1787589508373.jpg","156981","8/24/2026 11:38:28 PM"
"D:\MICO_SSOT\KNOWLEDGE_BASE\03_FOTO_PROYEK\FB_IMG_1787589508373.jpg.md","197","9/7/2026 11:39:59 AM"
"D:\MICO_SSOT\KNOWLEDGE_BASE\03_FOTO_PROYEK\FB_IMG_1787591877181.jpg","209417","8/25/2026 12:17:57 AM"
"D:\MICO_SSOT\KNOWLEDGE_BASE\03_FOTO_PROYEK\FB_IMG_1787591877181.jpg.md","197","9/7/2026 11:40:00 AM"
"D:\MICO_SSOT\KNOWLEDGE_BASE\03_FOTO_PROYEK\FB_IMG_1787591893543.jpg","156212","8/25/2026 12:18:13 AM"
"D:\MICO_SSOT\KNOWLEDGE_BASE\03_FOTO_PROYEK\FB_IMG_1787591893543.jpg.md","197","9/7/2026 11:40:00 AM"
"D:\MICO_SSOT\KNOWLEDGE_BASE\03_FOTO_PROYEK\FB_IMG_1787591896576.jpg","228746","8/25/2026 12:18:16 AM"
"D:\MICO_SSOT\KNOWLEDGE_BASE\03_FOTO_PROYEK\FB_IMG_1787591896576.jpg.md","197","9/7/2026 11:40:00 AM"
"D:\MICO_SSOT\KNOWLEDGE_BASE\03_FOTO_PROYEK\FB_IMG_1787591899208.jpg","225990","8/25/2026 12:18:19 AM"
"D:\MICO_SSOT\KNOWLEDGE_BASE\03_FOTO_PROYEK\FB_IMG_1787591899208.jpg.md","197","9/7/2026 11:40:00 AM"
"D:\MICO_SSOT\KNOWLEDGE_BASE\03_FOTO_PROYEK\FB_IMG_1787656384259.jpg","93153","8/25/2026 6:13:04 PM"
"D:\MICO_SSOT\KNOWLEDGE_BASE\03_FOTO_PROYEK\FB_IMG_1787656384259.jpg.md","197","9/7/2026 11:40:00 AM"
"D:\MICO_SSOT\KNOWLEDGE_BASE\03_FOTO_PROYEK\FB_IMG_1787656386325.jpg","51451","8/25/2026 6:13:06 PM"
"D:\MICO_SSOT\KNOWLEDGE_BASE\03_FOTO_PROYEK\FB_IMG_1787656386325.jpg.md","197","9/7/2026 11:40:00 AM"
"D:\MICO_SSOT\KNOWLEDGE_BASE\03_FOTO_PROYEK\FB_IMG_1787656388143.jpg","51507","8/25/2026 6:13:08 PM"
"D:\MICO_SSOT\KNOWLEDGE_BASE\03_FOTO_PROYEK\FB_IMG_1787656388143.jpg.md","197","9/7/2026 11:40:00 AM"
"D:\MICO_SSOT\KNOWLEDGE_BASE\03_FOTO_PROYEK\FB_IMG_1787656566894.jpg","47528","8/25/2026 6:16:06 PM"
"D:\MICO_SSOT\KNOWLEDGE_BASE\03_FOTO_PROYEK\FB_IMG_1787656566894.jpg.md","197","9/7/2026 11:40:00 AM"
"D:\MICO_SSOT\KNOWLEDGE_BASE\03_FOTO_PROYEK\FB_IMG_1787726384679.jpg","116866","8/26/2026 1:39:44 PM"
"D:\MICO_SSOT\KNOWLEDGE_BASE\03_FOTO_PROYEK\FB_IMG_1787726384679.jpg.md","197","9/7/2026 11:40:01 AM"
"D:\MICO_SSOT\KNOWLEDGE_BASE\03_FOTO_PROYEK\FB_IMG_1787726525582.jpg","162783","8/26/2026 1:42:05 PM"
"D:\MICO_SSOT\KNOWLEDGE_BASE\03_FOTO_PROYEK\FB_IMG_1787726525582.jpg.md","197","9/7/2026 11:40:01 AM"
"D:\MICO_SSOT\KNOWLEDGE_BASE\03_FOTO_PROYEK\FB_IMG_1787726625111.jpg","162227","8/26/2026 1:43:45 PM"
"D:\MICO_SSOT\KNOWLEDGE_BASE\03_FOTO_PROYEK\FB_IMG_1787726625111.jpg.md","197","9/7/2026 11:40:01 AM"
"D:\MICO_SSOT\KNOWLEDGE_BASE\03_FOTO_PROYEK\FB_IMG_1788029083442.jpg","169010","8/30/2026 1:44:43 AM"
"D:\MICO_SSOT\KNOWLEDGE_BASE\03_FOTO_PROYEK\FB_IMG_1788029083442.jpg.md","197","9/7/2026 11:40:01 AM"
"D:\MICO_SSOT\KNOWLEDGE_BASE\03_FOTO_PROYEK\FB_IMG_1788029144518.jpg","217110","8/30/2026 1:45:44 AM"
"D:\MICO_SSOT\KNOWLEDGE_BASE\03_FOTO_PROYEK\FB_IMG_1788029144518.jpg.md","197","9/7/2026 11:40:01 AM"
"D:\MICO_SSOT\KNOWLEDGE_BASE\03_FOTO_PROYEK\FB_IMG_1788062478327.jpg","145758","8/30/2026 11:01:18 AM"
"D:\MICO_SSOT\KNOWLEDGE_BASE\03_FOTO_PROYEK\FB_IMG_1788062478327.jpg.md","197","9/7/2026 11:40:01 AM"
"D:\MICO_SSOT\KNOWLEDGE_BASE\03_FOTO_PROYEK\FB_IMG_1788085625172.jpg","203239","8/30/2026 5:27:05 PM"
"D:\MICO_SSOT\KNOWLEDGE_BASE\03_FOTO_PROYEK\FB_IMG_1788085625172.jpg.md","197","9/7/2026 11:40:01 AM"
"D:\MICO_SSOT\KNOWLEDGE_BASE\03_FOTO_PROYEK\FB_IMG_1788086929790.jpg","143839","8/30/2026 5:48:49 PM"
"D:\MICO_SSOT\KNOWLEDGE_BASE\03_FOTO_PROYEK\FB_IMG_1788086929790.jpg.md","197","9/7/2026 11:40:01 AM"
"D:\MICO_SSOT\KNOWLEDGE_BASE\03_FOTO_PROYEK\FB_IMG_1788086939109.jpg","134597","8/30/2026 5:48:59 PM"
"D:\MICO_SSOT\KNOWLEDGE_BASE\03_FOTO_PROYEK\FB_IMG_1788086939109.jpg.md","197","9/7/2026 11:40:02 AM"
"D:\MICO_SSOT\KNOWLEDGE_BASE\03_FOTO_PROYEK\FB_IMG_1788088220352.jpg","50600","8/30/2026 6:10:20 PM"
"D:\MICO_SSOT\KNOWLEDGE_BASE\03_FOTO_PROYEK\FB_IMG_1788088220352.jpg.md","197","9/7/2026 11:40:02 AM"
"D:\MICO_SSOT\KNOWLEDGE_BASE\03_FOTO_PROYEK\FB_IMG_1788088290800.jpg","146335","8/30/2026 6:11:30 PM"
"D:\MICO_SSOT\KNOWLEDGE_BASE\03_FOTO_PROYEK\FB_IMG_1788088290800.jpg.md","197","9/7/2026 11:40:02 AM"
"D:\MICO_SSOT\KNOWLEDGE_BASE\03_FOTO_PROYEK\FB_IMG_1788144568722.jpg","141051","8/31/2026 9:49:28 AM"
"D:\MICO_SSOT\KNOWLEDGE_BASE\03_FOTO_PROYEK\FB_IMG_1788144568722.jpg.md","197","9/7/2026 11:40:02 AM"
"D:\MICO_SSOT\KNOWLEDGE_BASE\03_FOTO_PROYEK\FB_IMG_1788147995752.jpg","168176","8/31/2026 10:46:35 AM"
"D:\MICO_SSOT\KNOWLEDGE_BASE\03_FOTO_PROYEK\FB_IMG_1788147995752.jpg.md","197","9/7/2026 11:40:02 AM"
"D:\MICO_SSOT\KNOWLEDGE_BASE\03_FOTO_PROYEK\FB_IMG_1788160725720.jpg","72346","8/31/2026 2:18:45 PM"
"D:\MICO_SSOT\KNOWLEDGE_BASE\03_FOTO_PROYEK\FB_IMG_1788160725720.jpg.md","197","9/7/2026 11:40:02 AM"
"D:\MICO_SSOT\KNOWLEDGE_BASE\03_FOTO_PROYEK\FB_IMG_1788171146557.jpg","251043","8/31/2026 5:12:26 PM"
"D:\MICO_SSOT\KNOWLEDGE_BASE\03_FOTO_PROYEK\FB_IMG_1788171146557.jpg.md","197","9/7/2026 11:40:02 AM"
"D:\MICO_SSOT\KNOWLEDGE_BASE\03_FOTO_PROYEK\FB_IMG_1788171158826.jpg","238410","8/31/2026 5:12:38 PM"
"D:\MICO_SSOT\KNOWLEDGE_BASE\03_FOTO_PROYEK\FB_IMG_1788171158826.jpg.md","197","9/7/2026 11:40:02 AM"
"D:\MICO_SSOT\KNOWLEDGE_BASE\03_FOTO_PROYEK\FB_IMG_1788237847485.jpg","28323","9/1/2026 11:44:07 AM"
"D:\MICO_SSOT\KNOWLEDGE_BASE\03_FOTO_PROYEK\FB_IMG_1788237847485.jpg.md","197","9/7/2026 11:40:02 AM"
"D:\MICO_SSOT\KNOWLEDGE_BASE\03_FOTO_PROYEK\FB_IMG_1788237991108.jpg","133989","9/1/2026 11:46:31 AM"
"D:\MICO_SSOT\KNOWLEDGE_BASE\03_FOTO_PROYEK\FB_IMG_1788237991108.jpg.md","197","9/7/2026 11:40:02 AM"
"D:\MICO_SSOT\KNOWLEDGE_BASE\03_FOTO_PROYEK\FB_IMG_1788238012787.jpg","255642","9/1/2026 11:46:52 AM"
"D:\MICO_SSOT\KNOWLEDGE_BASE\03_FOTO_PROYEK\FB_IMG_1788238012787.jpg.md","197","9/7/2026 11:40:03 AM"
"D:\MICO_SSOT\KNOWLEDGE_BASE\03_FOTO_PROYEK\FB_IMG_1788238203450.jpg","19789","9/1/2026 11:50:03 AM"
"D:\MICO_SSOT\KNOWLEDGE_BASE\03_FOTO_PROYEK\FB_IMG_1788238203450.jpg.md","197","9/7/2026 11:40:03 AM"
"D:\MICO_SSOT\KNOWLEDGE_BASE\03_FOTO_PROYEK\FB_IMG_1788238436000.jpg","79591","9/1/2026 11:53:56 AM"
"D:\MICO_SSOT\KNOWLEDGE_BASE\03_FOTO_PROYEK\FB_IMG_1788238436000.jpg.md","197","9/7/2026 11:40:03 AM"
"D:\MICO_SSOT\KNOWLEDGE_BASE\03_FOTO_PROYEK\FB_IMG_1788240168026.jpg","104646","9/1/2026 12:22:48 PM"
"D:\MICO_SSOT\KNOWLEDGE_BASE\03_FOTO_PROYEK\FB_IMG_1788240168026.jpg.md","197","9/7/2026 11:40:03 AM"
"D:\MICO_SSOT\KNOWLEDGE_BASE\03_FOTO_PROYEK\FB_IMG_1788254334619.jpg","145200","9/1/2026 4:18:54 PM"
"D:\MICO_SSOT\KNOWLEDGE_BASE\03_FOTO_PROYEK\FB_IMG_1788254334619.jpg.md","197","9/7/2026 11:40:03 AM"
"D:\MICO_SSOT\KNOWLEDGE_BASE\03_FOTO_PROYEK\FB_IMG_1788255142723.jpg","194308","9/1/2026 4:32:22 PM"
"D:\MICO_SSOT\KNOWLEDGE_BASE\03_FOTO_PROYEK\FB_IMG_1788255142723.jpg.md","197","9/7/2026 11:40:03 AM"
"D:\MICO_SSOT\KNOWLEDGE_BASE\03_FOTO_PROYEK\FB_IMG_1788263037840.jpg","166833","9/1/2026 6:43:57 PM"
"D:\MICO_SSOT\KNOWLEDGE_BASE\03_FOTO_PROYEK\FB_IMG_1788263037840.jpg.md","197","9/7/2026 11:40:03 AM"
"D:\MICO_SSOT\KNOWLEDGE_BASE\03_FOTO_PROYEK\FB_IMG_1788263119849.jpg","119661","9/1/2026 6:45:19 PM"
"D:\MICO_SSOT\KNOWLEDGE_BASE\03_FOTO_PROYEK\FB_IMG_1788263119849.jpg.md","197","9/7/2026 11:40:03 AM"
"D:\MICO_SSOT\KNOWLEDGE_BASE\03_FOTO_PROYEK\FB_IMG_1788265122601.jpg","240892","9/1/2026 7:18:42 PM"
"D:\MICO_SSOT\KNOWLEDGE_BASE\03_FOTO_PROYEK\FB_IMG_1788265122601.jpg.md","197","9/7/2026 11:40:03 AM"
"D:\MICO_SSOT\KNOWLEDGE_BASE\03_FOTO_PROYEK\FB_IMG_1788269132015.jpg","186833","9/1/2026 8:25:32 PM"
"D:\MICO_SSOT\KNOWLEDGE_BASE\03_FOTO_PROYEK\FB_IMG_1788269132015.jpg.md","197","9/7/2026 11:40:03 AM"
"D:\MICO_SSOT\KNOWLEDGE_BASE\03_FOTO_PROYEK\FB_IMG_1788270245598.jpg","128317","9/1/2026 8:44:05 PM"
"D:\MICO_SSOT\KNOWLEDGE_BASE\03_FOTO_PROYEK\FB_IMG_1788270245598.jpg.md","197","9/7/2026 11:40:04 AM"
"D:\MICO_SSOT\KNOWLEDGE_BASE\03_FOTO_PROYEK\FB_IMG_1788291734824.jpg","158732","9/2/2026 2:42:14 AM"
"D:\MICO_SSOT\KNOWLEDGE_BASE\03_FOTO_PROYEK\FB_IMG_1788291734824.jpg.md","197","9/7/2026 11:40:04 AM"
"D:\MICO_SSOT\KNOWLEDGE_BASE\03_FOTO_PROYEK\FB_IMG_1788336625335.jpg","192031","9/2/2026 3:10:25 PM"
"D:\MICO_SSOT\KNOWLEDGE_BASE\03_FOTO_PROYEK\FB_IMG_1788336625335.jpg.md","197","9/7/2026 11:40:04 AM"
"D:\MICO_SSOT\KNOWLEDGE_BASE\03_FOTO_PROYEK\FB_IMG_1788341490681.jpg","139353","9/2/2026 4:31:30 PM"
"D:\MICO_SSOT\KNOWLEDGE_BASE\03_FOTO_PROYEK\FB_IMG_1788341490681.jpg.md","197","9/7/2026 11:40:04 AM"
"D:\MICO_SSOT\KNOWLEDGE_BASE\03_FOTO_PROYEK\FB_IMG_1788341625849.jpg","216579","9/2/2026 4:33:45 PM"
"D:\MICO_SSOT\KNOWLEDGE_BASE\03_FOTO_PROYEK\FB_IMG_1788341625849.jpg.md","197","9/7/2026 11:40:04 AM"
"D:\MICO_SSOT\KNOWLEDGE_BASE\03_FOTO_PROYEK\FB_IMG_1788341933544.jpg","98440","9/2/2026 4:38:53 PM"
"D:\MICO_SSOT\KNOWLEDGE_BASE\03_FOTO_PROYEK\FB_IMG_1788341933544.jpg.md","197","9/7/2026 11:40:04 AM"
"D:\MICO_SSOT\KNOWLEDGE_BASE\03_FOTO_PROYEK\FB_IMG_1788342248476.jpg","122380","9/2/2026 4:44:08 PM"
"D:\MICO_SSOT\KNOWLEDGE_BASE\03_FOTO_PROYEK\FB_IMG_1788342248476.jpg.md","197","9/7/2026 11:40:04 AM"
"D:\MICO_SSOT\KNOWLEDGE_BASE\03_FOTO_PROYEK\FB_IMG_1788342349217.jpg","206181","9/2/2026 4:45:49 PM"
"D:\MICO_SSOT\KNOWLEDGE_BASE\03_FOTO_PROYEK\FB_IMG_1788342349217.jpg.md","197","9/7/2026 11:40:05 AM"
"D:\MICO_SSOT\KNOWLEDGE_BASE\03_FOTO_PROYEK\FB_IMG_1788343141275.jpg","190672","9/2/2026 4:59:01 PM"
"D:\MICO_SSOT\KNOWLEDGE_BASE\03_FOTO_PROYEK\FB_IMG_1788343141275.jpg.md","197","9/7/2026 11:40:05 AM"
"D:\MICO_SSOT\KNOWLEDGE_BASE\03_FOTO_PROYEK\FB_IMG_1788343205903.jpg","165368","9/2/2026 5:00:05 PM"
"D:\MICO_SSOT\KNOWLEDGE_BASE\03_FOTO_PROYEK\FB_IMG_1788343205903.jpg.md","197","9/7/2026 11:40:05 AM"
"D:\MICO_SSOT\KNOWLEDGE_BASE\03_FOTO_PROYEK\FB_IMG_1788345077763.jpg","109855","9/2/2026 5:31:17 PM"
"D:\MICO_SSOT\KNOWLEDGE_BASE\03_FOTO_PROYEK\FB_IMG_1788345077763.jpg.md","197","9/7/2026 11:40:05 AM"
"D:\MICO_SSOT\KNOWLEDGE_BASE\03_FOTO_PROYEK\FB_IMG_1788364391725.jpg","167765","9/2/2026 10:53:11 PM"
"D:\MICO_SSOT\KNOWLEDGE_BASE\03_FOTO_PROYEK\FB_IMG_1788364391725.jpg.md","197","9/7/2026 11:40:05 AM"
"D:\MICO_SSOT\KNOWLEDGE_BASE\03_FOTO_PROYEK\FB_IMG_1788364932602.jpg","118309","9/2/2026 11:02:12 PM"
"D:\MICO_SSOT\KNOWLEDGE_BASE\03_FOTO_PROYEK\FB_IMG_1788364932602.jpg.md","197","9/7/2026 11:40:05 AM"
"D:\MICO_SSOT\KNOWLEDGE_BASE\03_FOTO_PROYEK\FB_IMG_1788364985280.jpg","178597","9/2/2026 11:03:05 PM"
"D:\MICO_SSOT\KNOWLEDGE_BASE\03_FOTO_PROYEK\FB_IMG_1788364985280.jpg.md","197","9/7/2026 11:40:05 AM"
"D:\MICO_SSOT\KNOWLEDGE_BASE\03_FOTO_PROYEK\FB_IMG_1788365986478.jpg","171881","9/2/2026 11:19:46 PM"
"D:\MICO_SSOT\KNOWLEDGE_BASE\03_FOTO_PROYEK\FB_IMG_1788365986478.jpg.md","197","9/7/2026 11:40:06 AM"
"D:\MICO_SSOT\KNOWLEDGE_BASE\03_FOTO_PROYEK\FB_IMG_1788366048598.jpg","127818","9/2/2026 11:20:48 PM"
"D:\MICO_SSOT\KNOWLEDGE_BASE\03_FOTO_PROYEK\FB_IMG_1788366048598.jpg.md","197","9/7/2026 11:40:06 AM"
"D:\MICO_SSOT\KNOWLEDGE_BASE\03_FOTO_PROYEK\FB_IMG_1788366117927.jpg","162058","9/2/2026 11:21:57 PM"
"D:\MICO_SSOT\KNOWLEDGE_BASE\03_FOTO_PROYEK\FB_IMG_1788366117927.jpg.md","197","9/7/2026 11:40:06 AM"
"D:\MICO_SSOT\KNOWLEDGE_BASE\03_FOTO_PROYEK\FB_IMG_1788366131547.jpg","163009","9/2/2026 11:22:11 PM"
"D:\MICO_SSOT\KNOWLEDGE_BASE\03_FOTO_PROYEK\FB_IMG_1788366131547.jpg.md","197","9/7/2026 11:40:06 AM"
"D:\MICO_SSOT\KNOWLEDGE_BASE\03_FOTO_PROYEK\FB_IMG_1788366140355.jpg","181145","9/2/2026 11:22:20 PM"
"D:\MICO_SSOT\KNOWLEDGE_BASE\03_FOTO_PROYEK\FB_IMG_1788366140355.jpg.md","197","9/7/2026 11:40:06 AM"
"D:\MICO_SSOT\KNOWLEDGE_BASE\03_FOTO_PROYEK\FB_IMG_1788366181384.jpg","128711","9/2/2026 11:23:01 PM"
"D:\MICO_SSOT\KNOWLEDGE_BASE\03_FOTO_PROYEK\FB_IMG_1788366181384.jpg.md","197","9/7/2026 11:40:06 AM"
"D:\MICO_SSOT\KNOWLEDGE_BASE\03_FOTO_PROYEK\FB_IMG_1788366196526.jpg","101492","9/2/2026 11:23:16 PM"
"D:\MICO_SSOT\KNOWLEDGE_BASE\03_FOTO_PROYEK\FB_IMG_1788366196526.jpg.md","197","9/7/2026 11:40:06 AM"
"D:\MICO_SSOT\KNOWLEDGE_BASE\03_FOTO_PROYEK\FB_IMG_1788366301162.jpg","103311","9/2/2026 11:25:01 PM"
"D:\MICO_SSOT\KNOWLEDGE_BASE\03_FOTO_PROYEK\FB_IMG_1788366301162.jpg.md","197","9/7/2026 11:40:07 AM"
"D:\MICO_SSOT\KNOWLEDGE_BASE\03_FOTO_PROYEK\FB_IMG_1788366332673.jpg","168747","9/2/2026 11:25:32 PM"
"D:\MICO_SSOT\KNOWLEDGE_BASE\03_FOTO_PROYEK\FB_IMG_1788366332673.jpg.md","197","9/7/2026 11:40:07 AM"
"D:\MICO_SSOT\KNOWLEDGE_BASE\03_FOTO_PROYEK\FB_IMG_1788366335682.jpg","151975","9/2/2026 11:25:35 PM"
"D:\MICO_SSOT\KNOWLEDGE_BASE\03_FOTO_PROYEK\FB_IMG_1788366335682.jpg.md","197","9/7/2026 11:40:07 AM"
"D:\MICO_SSOT\KNOWLEDGE_BASE\03_FOTO_PROYEK\FB_IMG_1788366337866.jpg","160813","9/2/2026 11:25:37 PM"
"D:\MICO_SSOT\KNOWLEDGE_BASE\03_FOTO_PROYEK\FB_IMG_1788366337866.jpg.md","197","9/7/2026 11:40:07 AM"
"D:\MICO_SSOT\KNOWLEDGE_BASE\03_FOTO_PROYEK\FB_IMG_1788366339982.jpg","169738","9/2/2026 11:25:40 PM"
"D:\MICO_SSOT\KNOWLEDGE_BASE\03_FOTO_PROYEK\FB_IMG_1788366339982.jpg.md","197","9/7/2026 11:40:07 AM"
"D:\MICO_SSOT\KNOWLEDGE_BASE\03_FOTO_PROYEK\FB_IMG_1788366342333.jpg","175827","9/2/2026 11:25:42 PM"
"D:\MICO_SSOT\KNOWLEDGE_BASE\03_FOTO_PROYEK\FB_IMG_1788366342333.jpg.md","197","9/7/2026 11:40:07 AM"
"D:\MICO_SSOT\KNOWLEDGE_BASE\03_FOTO_PROYEK\FB_IMG_1788366344569.jpg","177519","9/2/2026 11:25:44 PM"
"D:\MICO_SSOT\KNOWLEDGE_BASE\03_FOTO_PROYEK\FB_IMG_1788366344569.jpg.md","197","9/7/2026 11:40:07 AM"
"D:\MICO_SSOT\KNOWLEDGE_BASE\03_FOTO_PROYEK\FB_IMG_1788366346714.jpg","179990","9/2/2026 11:25:46 PM"
"D:\MICO_SSOT\KNOWLEDGE_BASE\03_FOTO_PROYEK\FB_IMG_1788366346714.jpg.md","197","9/7/2026 11:40:07 AM"
"D:\MICO_SSOT\KNOWLEDGE_BASE\03_FOTO_PROYEK\FB_IMG_1788366364718.jpg","190879","9/2/2026 11:26:04 PM"
"D:\MICO_SSOT\KNOWLEDGE_BASE\03_FOTO_PROYEK\FB_IMG_1788366364718.jpg.md","197","9/7/2026 11:40:07 AM"
"D:\MICO_SSOT\KNOWLEDGE_BASE\03_FOTO_PROYEK\FB_IMG_1788367162919.jpg","105779","9/2/2026 11:39:22 PM"
"D:\MICO_SSOT\KNOWLEDGE_BASE\03_FOTO_PROYEK\FB_IMG_1788367162919.jpg.md","197","9/7/2026 11:40:08 AM"
"D:\MICO_SSOT\KNOWLEDGE_BASE\03_FOTO_PROYEK\FB_IMG_1788372432746.jpg","177096","9/3/2026 1:07:12 AM"
"D:\MICO_SSOT\KNOWLEDGE_BASE\03_FOTO_PROYEK\FB_IMG_1788372432746.jpg.md","197","9/7/2026 11:40:08 AM"
"D:\MICO_SSOT\KNOWLEDGE_BASE\03_FOTO_PROYEK\FB_IMG_1788372469905.jpg","72909","9/3/2026 1:07:49 AM"
"D:\MICO_SSOT\KNOWLEDGE_BASE\03_FOTO_PROYEK\FB_IMG_1788372469905.jpg.md","197","9/7/2026 11:40:08 AM"
"D:\MICO_SSOT\KNOWLEDGE_BASE\03_FOTO_PROYEK\FB_IMG_1788372514305.jpg","163817","9/3/2026 1:08:34 AM"
"D:\MICO_SSOT\KNOWLEDGE_BASE\03_FOTO_PROYEK\FB_IMG_1788372514305.jpg.md","197","9/7/2026 11:40:08 AM"
"D:\MICO_SSOT\KNOWLEDGE_BASE\03_FOTO_PROYEK\FB_IMG_1788372524699.jpg","112438","9/3/2026 1:08:44 AM"
"D:\MICO_SSOT\KNOWLEDGE_BASE\03_FOTO_PROYEK\FB_IMG_1788372524699.jpg.md","197","9/7/2026 11:40:08 AM"
"D:\MICO_SSOT\KNOWLEDGE_BASE\03_FOTO_PROYEK\FB_IMG_1788373258435.jpg","174516","9/3/2026 1:20:58 AM"
"D:\MICO_SSOT\KNOWLEDGE_BASE\03_FOTO_PROYEK\FB_IMG_1788373258435.jpg.md","197","9/7/2026 11:40:08 AM"
"D:\MICO_SSOT\KNOWLEDGE_BASE\03_FOTO_PROYEK\FB_IMG_1788373260706.jpg","166786","9/3/2026 1:21:00 AM"
"D:\MICO_SSOT\KNOWLEDGE_BASE\03_FOTO_PROYEK\FB_IMG_1788373260706.jpg.md","197","9/7/2026 11:40:08 AM"
"D:\MICO_SSOT\KNOWLEDGE_BASE\03_FOTO_PROYEK\FB_IMG_1788373263666.jpg","164935","9/3/2026 1:21:03 AM"
"D:\MICO_SSOT\KNOWLEDGE_BASE\03_FOTO_PROYEK\FB_IMG_1788373263666.jpg.md","197","9/7/2026 11:40:08 AM"
"D:\MICO_SSOT\KNOWLEDGE_BASE\03_FOTO_PROYEK\FB_IMG_1788373266048.jpg","150044","9/3/2026 1:21:06 AM"
"D:\MICO_SSOT\KNOWLEDGE_BASE\03_FOTO_PROYEK\FB_IMG_1788373266048.jpg.md","197","9/7/2026 11:40:08 AM"
"D:\MICO_SSOT\KNOWLEDGE_BASE\03_FOTO_PROYEK\FB_IMG_1788373268176.jpg","147459","9/3/2026 1:21:08 AM"
"D:\MICO_SSOT\KNOWLEDGE_BASE\03_FOTO_PROYEK\FB_IMG_1788373268176.jpg.md","197","9/7/2026 11:40:08 AM"
"D:\MICO_SSOT\KNOWLEDGE_BASE\03_FOTO_PROYEK\FB_IMG_1788373286932.jpg","128212","9/3/2026 1:21:26 AM"
"D:\MICO_SSOT\KNOWLEDGE_BASE\03_FOTO_PROYEK\FB_IMG_1788373286932.jpg.md","197","9/7/2026 11:40:09 AM"
"D:\MICO_SSOT\KNOWLEDGE_BASE\03_FOTO_PROYEK\FB_IMG_1788390440536.jpg","247297","9/3/2026 6:07:20 AM"
"D:\MICO_SSOT\KNOWLEDGE_BASE\03_FOTO_PROYEK\FB_IMG_1788390440536.jpg.md","197","9/7/2026 11:40:09 AM"
"D:\MICO_SSOT\KNOWLEDGE_BASE\03_FOTO_PROYEK\FB_IMG_1788402068530.jpg","159904","9/3/2026 9:21:08 AM"
"D:\MICO_SSOT\KNOWLEDGE_BASE\03_FOTO_PROYEK\FB_IMG_1788402068530.jpg.md","197","9/7/2026 11:40:09 AM"
"D:\MICO_SSOT\KNOWLEDGE_BASE\03_FOTO_PROYEK\FB_IMG_1788406034354.jpg","202474","9/3/2026 10:27:14 AM"
"D:\MICO_SSOT\KNOWLEDGE_BASE\03_FOTO_PROYEK\FB_IMG_1788406034354.jpg.md","197","9/7/2026 11:40:09 AM"
"D:\MICO_SSOT\KNOWLEDGE_BASE\03_FOTO_PROYEK\FB_IMG_1788407282392.jpg","145536","9/3/2026 10:48:02 AM"
"D:\MICO_SSOT\KNOWLEDGE_BASE\03_FOTO_PROYEK\FB_IMG_1788407282392.jpg.md","197","9/7/2026 11:40:09 AM"
"D:\MICO_SSOT\KNOWLEDGE_BASE\03_FOTO_PROYEK\FB_IMG_1788407293963.jpg","254836","9/3/2026 10:48:13 AM"
"D:\MICO_SSOT\KNOWLEDGE_BASE\03_FOTO_PROYEK\FB_IMG_1788407293963.jpg.md","197","9/7/2026 11:40:09 AM"
"D:\MICO_SSOT\KNOWLEDGE_BASE\03_FOTO_PROYEK\FB_IMG_1788407313430.jpg","282743","9/3/2026 10:48:33 AM"
"D:\MICO_SSOT\KNOWLEDGE_BASE\03_FOTO_PROYEK\FB_IMG_1788407313430.jpg.md","197","9/7/2026 11:40:09 AM"
"D:\MICO_SSOT\KNOWLEDGE_BASE\03_FOTO_PROYEK\FB_IMG_1788407394932.jpg","191571","9/3/2026 10:49:54 AM"
"D:\MICO_SSOT\KNOWLEDGE_BASE\03_FOTO_PROYEK\FB_IMG_1788407394932.jpg.md","197","9/7/2026 11:40:09 AM"
"D:\MICO_SSOT\KNOWLEDGE_BASE\03_FOTO_PROYEK\FB_IMG_1788427086778.jpg","115604","9/3/2026 4:18:06 PM"
"D:\MICO_SSOT\KNOWLEDGE_BASE\03_FOTO_PROYEK\FB_IMG_1788427086778.jpg.md","197","9/7/2026 11:40:09 AM"
"D:\MICO_SSOT\KNOWLEDGE_BASE\03_FOTO_PROYEK\FB_IMG_1788430438325.jpg","204714","9/3/2026 5:13:58 PM"
"D:\MICO_SSOT\KNOWLEDGE_BASE\03_FOTO_PROYEK\FB_IMG_1788430438325.jpg.md","197","9/7/2026 11:40:10 AM"
"D:\MICO_SSOT\KNOWLEDGE_BASE\03_FOTO_PROYEK\FB_IMG_1788430769576.jpg","205393","9/3/2026 5:19:29 PM"
"D:\MICO_SSOT\KNOWLEDGE_BASE\03_FOTO_PROYEK\FB_IMG_1788430769576.jpg.md","197","9/7/2026 11:40:10 AM"
"D:\MICO_SSOT\KNOWLEDGE_BASE\03_FOTO_PROYEK\FB_IMG_1788430846422.jpg","65565","9/3/2026 5:20:46 PM"
"D:\MICO_SSOT\KNOWLEDGE_BASE\03_FOTO_PROYEK\FB_IMG_1788430846422.jpg.md","197","9/7/2026 11:40:10 AM"
"D:\MICO_SSOT\KNOWLEDGE_BASE\03_FOTO_PROYEK\FB_IMG_1788434913268.jpg","192511","9/3/2026 6:28:33 PM"
"D:\MICO_SSOT\KNOWLEDGE_BASE\03_FOTO_PROYEK\FB_IMG_1788434913268.jpg.md","197","9/7/2026 11:40:10 AM"
"D:\MICO_SSOT\KNOWLEDGE_BASE\03_FOTO_PROYEK\FB_IMG_1788442731851.jpg","95444","9/3/2026 8:38:51 PM"
"D:\MICO_SSOT\KNOWLEDGE_BASE\03_FOTO_PROYEK\FB_IMG_1788442731851.jpg.md","197","9/7/2026 11:40:10 AM"
"D:\MICO_SSOT\KNOWLEDGE_BASE\03_FOTO_PROYEK\FB_IMG_1788442873104.jpg","138511","9/3/2026 8:41:13 PM"
"D:\MICO_SSOT\KNOWLEDGE_BASE\03_FOTO_PROYEK\FB_IMG_1788442873104.jpg.md","197","9/7/2026 11:40:10 AM"
"D:\MICO_SSOT\KNOWLEDGE_BASE\03_FOTO_PROYEK\FB_IMG_1788442936910.jpg","101932","9/3/2026 8:42:16 PM"
"D:\MICO_SSOT\KNOWLEDGE_BASE\03_FOTO_PROYEK\FB_IMG_1788442936910.jpg.md","197","9/7/2026 11:40:10 AM"
"D:\MICO_SSOT\KNOWLEDGE_BASE\03_FOTO_PROYEK\FB_IMG_1788442955750.jpg","136790","9/6/2026 6:33:49 PM"
"D:\MICO_SSOT\KNOWLEDGE_BASE\03_FOTO_PROYEK\FB_IMG_1788442955750.jpg.md","197","9/7/2026 11:40:10 AM"
"D:\MICO_SSOT\KNOWLEDGE_BASE\03_FOTO_PROYEK\FB_IMG_1788442958880.jpg","148722","9/6/2026 6:33:49 PM"
"D:\MICO_SSOT\KNOWLEDGE_BASE\03_FOTO_PROYEK\FB_IMG_1788442958880.jpg.md","197","9/7/2026 11:40:11 AM"
"D:\MICO_SSOT\KNOWLEDGE_BASE\03_FOTO_PROYEK\FB_IMG_1788442972230.jpg","64343","9/3/2026 8:42:52 PM"
"D:\MICO_SSOT\KNOWLEDGE_BASE\03_FOTO_PROYEK\FB_IMG_1788442972230.jpg.md","197","9/7/2026 11:40:11 AM"
"D:\MICO_SSOT\KNOWLEDGE_BASE\03_FOTO_PROYEK\FB_IMG_1788443104444.jpg","166950","9/3/2026 8:45:04 PM"
"D:\MICO_SSOT\KNOWLEDGE_BASE\03_FOTO_PROYEK\FB_IMG_1788443104444.jpg.md","197","9/7/2026 11:40:11 AM"
"D:\MICO_SSOT\KNOWLEDGE_BASE\03_FOTO_PROYEK\FB_IMG_1788443111804.jpg","246871","9/3/2026 8:45:11 PM"
"D:\MICO_SSOT\KNOWLEDGE_BASE\03_FOTO_PROYEK\FB_IMG_1788443111804.jpg.md","197","9/7/2026 11:40:11 AM"
"D:\MICO_SSOT\KNOWLEDGE_BASE\03_FOTO_PROYEK\FB_IMG_1788443676038.jpg","56010","9/3/2026 8:54:36 PM"
"D:\MICO_SSOT\KNOWLEDGE_BASE\03_FOTO_PROYEK\FB_IMG_1788443676038.jpg.md","197","9/7/2026 11:40:11 AM"
"D:\MICO_SSOT\KNOWLEDGE_BASE\03_FOTO_PROYEK\FB_IMG_1788444383230.jpg","304635","9/3/2026 9:06:23 PM"
"D:\MICO_SSOT\KNOWLEDGE_BASE\03_FOTO_PROYEK\FB_IMG_1788444383230.jpg.md","197","9/7/2026 11:40:11 AM"
"D:\MICO_SSOT\KNOWLEDGE_BASE\03_FOTO_PROYEK\FB_IMG_1788444402988.jpg","198089","9/3/2026 9:06:43 PM"
"D:\MICO_SSOT\KNOWLEDGE_BASE\03_FOTO_PROYEK\FB_IMG_1788444402988.jpg.md","197","9/7/2026 11:40:12 AM"
"D:\MICO_SSOT\KNOWLEDGE_BASE\03_FOTO_PROYEK\FB_IMG_1788444998773.jpg","173808","9/3/2026 9:16:38 PM"
"D:\MICO_SSOT\KNOWLEDGE_BASE\03_FOTO_PROYEK\FB_IMG_1788444998773.jpg.md","197","9/7/2026 11:40:12 AM"
"D:\MICO_SSOT\KNOWLEDGE_BASE\03_FOTO_PROYEK\FB_IMG_1788451658972.jpg","158099","9/3/2026 11:07:39 PM"
"D:\MICO_SSOT\KNOWLEDGE_BASE\03_FOTO_PROYEK\FB_IMG_1788451658972.jpg.md","197","9/7/2026 11:40:12 AM"
"D:\MICO_SSOT\KNOWLEDGE_BASE\03_FOTO_PROYEK\FB_IMG_1788451679148.jpg","125673","9/3/2026 11:07:59 PM"
"D:\MICO_SSOT\KNOWLEDGE_BASE\03_FOTO_PROYEK\FB_IMG_1788451679148.jpg.md","197","9/7/2026 11:40:12 AM"
"D:\MICO_SSOT\KNOWLEDGE_BASE\03_FOTO_PROYEK\FB_IMG_1788451763429.jpg","212787","9/3/2026 11:09:23 PM"
"D:\MICO_SSOT\KNOWLEDGE_BASE\03_FOTO_PROYEK\FB_IMG_1788451763429.jpg.md","197","9/7/2026 11:40:12 AM"
"D:\MICO_SSOT\KNOWLEDGE_BASE\03_FOTO_PROYEK\FB_IMG_1788452185525.jpg","180422","9/3/2026 11:16:25 PM"
"D:\MICO_SSOT\KNOWLEDGE_BASE\03_FOTO_PROYEK\FB_IMG_1788452185525.jpg.md","197","9/7/2026 11:40:12 AM"
"D:\MICO_SSOT\KNOWLEDGE_BASE\03_FOTO_PROYEK\FB_IMG_1788452272448.jpg","46564","9/3/2026 11:17:52 PM"
"D:\MICO_SSOT\KNOWLEDGE_BASE\03_FOTO_PROYEK\FB_IMG_1788452272448.jpg.md","197","9/7/2026 11:40:12 AM"
"D:\MICO_SSOT\KNOWLEDGE_BASE\03_FOTO_PROYEK\FB_IMG_1788452423508.jpg","71480","9/3/2026 11:20:23 PM"
"D:\MICO_SSOT\KNOWLEDGE_BASE\03_FOTO_PROYEK\FB_IMG_1788452423508.jpg.md","197","9/7/2026 11:40:13 AM"
"D:\MICO_SSOT\KNOWLEDGE_BASE\03_FOTO_PROYEK\FB_IMG_1788452463348.jpg","170926","9/3/2026 11:21:03 PM"
"D:\MICO_SSOT\KNOWLEDGE_BASE\03_FOTO_PROYEK\FB_IMG_1788452463348.jpg.md","197","9/7/2026 11:40:13 AM"
"D:\MICO_SSOT\KNOWLEDGE_BASE\03_FOTO_PROYEK\FB_IMG_1788452467521.jpg","61162","9/3/2026 11:21:07 PM"
"D:\MICO_SSOT\KNOWLEDGE_BASE\03_FOTO_PROYEK\FB_IMG_1788452467521.jpg.md","197","9/7/2026 11:40:13 AM"
"D:\MICO_SSOT\KNOWLEDGE_BASE\03_FOTO_PROYEK\FB_IMG_1788452533368.jpg","170624","9/3/2026 11:22:13 PM"
"D:\MICO_SSOT\KNOWLEDGE_BASE\03_FOTO_PROYEK\FB_IMG_1788452533368.jpg.md","197","9/7/2026 11:40:13 AM"
"D:\MICO_SSOT\KNOWLEDGE_BASE\03_FOTO_PROYEK\FB_IMG_1788452609152.jpg","114243","9/3/2026 11:23:29 PM"
"D:\MICO_SSOT\KNOWLEDGE_BASE\03_FOTO_PROYEK\FB_IMG_1788452609152.jpg.md","197","9/7/2026 11:40:13 AM"
"D:\MICO_SSOT\KNOWLEDGE_BASE\03_FOTO_PROYEK\FB_IMG_1788453042022.jpg","195711","9/3/2026 11:30:42 PM"
"D:\MICO_SSOT\KNOWLEDGE_BASE\03_FOTO_PROYEK\FB_IMG_1788453042022.jpg.md","197","9/7/2026 11:40:13 AM"
"D:\MICO_SSOT\KNOWLEDGE_BASE\03_FOTO_PROYEK\FB_IMG_1788454364812.jpg","170618","9/3/2026 11:52:44 PM"
"D:\MICO_SSOT\KNOWLEDGE_BASE\03_FOTO_PROYEK\FB_IMG_1788454364812.jpg.md","197","9/7/2026 11:40:13 AM"
"D:\MICO_SSOT\KNOWLEDGE_BASE\03_FOTO_PROYEK\FB_IMG_1788454469971.jpg","161483","9/3/2026 11:54:30 PM"
"D:\MICO_SSOT\KNOWLEDGE_BASE\03_FOTO_PROYEK\FB_IMG_1788454469971.jpg.md","197","9/7/2026 11:40:13 AM"
"D:\MICO_SSOT\KNOWLEDGE_BASE\03_FOTO_PROYEK\FB_IMG_1788458461971.jpg","177295","9/4/2026 1:01:02 AM"
"D:\MICO_SSOT\KNOWLEDGE_BASE\03_FOTO_PROYEK\FB_IMG_1788458461971.jpg.md","197","9/7/2026 11:40:13 AM"
"D:\MICO_SSOT\KNOWLEDGE_BASE\03_FOTO_PROYEK\FB_IMG_1788458646173.jpg","166457","9/4/2026 1:04:06 AM"
"D:\MICO_SSOT\KNOWLEDGE_BASE\03_FOTO_PROYEK\FB_IMG_1788458646173.jpg.md","197","9/7/2026 11:40:13 AM"
"D:\MICO_SSOT\KNOWLEDGE_BASE\03_FOTO_PROYEK\FB_IMG_1788493559100.jpg","70825","9/4/2026 10:45:59 AM"
"D:\MICO_SSOT\KNOWLEDGE_BASE\03_FOTO_PROYEK\FB_IMG_1788493559100.jpg.md","197","9/7/2026 11:40:14 AM"
"D:\MICO_SSOT\KNOWLEDGE_BASE\03_FOTO_PROYEK\FB_IMG_1788493689100.jpg","165634","9/4/2026 10:48:09 AM"
"D:\MICO_SSOT\KNOWLEDGE_BASE\03_FOTO_PROYEK\FB_IMG_1788493689100.jpg.md","197","9/7/2026 11:40:14 AM"
"D:\MICO_SSOT\KNOWLEDGE_BASE\03_FOTO_PROYEK\FB_IMG_1788493743546.jpg","161020","9/4/2026 10:49:03 AM"
"D:\MICO_SSOT\KNOWLEDGE_BASE\03_FOTO_PROYEK\FB_IMG_1788493743546.jpg.md","197","9/7/2026 11:40:14 AM"
"D:\MICO_SSOT\KNOWLEDGE_BASE\03_FOTO_PROYEK\FB_IMG_1788493863437.jpg","105987","9/4/2026 10:51:03 AM"
"D:\MICO_SSOT\KNOWLEDGE_BASE\03_FOTO_PROYEK\FB_IMG_1788493863437.jpg.md","197","9/7/2026 11:40:14 AM"
"D:\MICO_SSOT\KNOWLEDGE_BASE\03_FOTO_PROYEK\FB_IMG_1788498476589.jpg","163874","9/4/2026 12:07:56 PM"
"D:\MICO_SSOT\KNOWLEDGE_BASE\03_FOTO_PROYEK\FB_IMG_1788498476589.jpg.md","197","9/7/2026 11:40:14 AM"
"D:\MICO_SSOT\KNOWLEDGE_BASE\03_FOTO_PROYEK\FB_IMG_1788499426433.jpg","58391","9/4/2026 12:23:46 PM"
"D:\MICO_SSOT\KNOWLEDGE_BASE\03_FOTO_PROYEK\FB_IMG_1788499426433.jpg.md","197","9/7/2026 11:40:14 AM"
"D:\MICO_SSOT\KNOWLEDGE_BASE\03_FOTO_PROYEK\FB_IMG_1788499635102.jpg","213556","9/4/2026 12:27:15 PM"
"D:\MICO_SSOT\KNOWLEDGE_BASE\03_FOTO_PROYEK\FB_IMG_1788499635102.jpg.md","197","9/7/2026 11:40:14 AM"
"D:\MICO_SSOT\KNOWLEDGE_BASE\03_FOTO_PROYEK\FB_IMG_1788499751434.jpg","128461","9/4/2026 12:29:11 PM"
"D:\MICO_SSOT\KNOWLEDGE_BASE\03_FOTO_PROYEK\FB_IMG_1788499751434.jpg.md","197","9/7/2026 11:40:14 AM"
"D:\MICO_SSOT\KNOWLEDGE_BASE\03_FOTO_PROYEK\FB_IMG_1788503711943.jpg","136560","9/4/2026 1:35:11 PM"
"D:\MICO_SSOT\KNOWLEDGE_BASE\03_FOTO_PROYEK\FB_IMG_1788503711943.jpg.md","197","9/7/2026 11:40:14 AM"
"D:\MICO_SSOT\KNOWLEDGE_BASE\03_FOTO_PROYEK\FB_IMG_1788504471591.jpg","141155","9/4/2026 1:47:51 PM"
"D:\MICO_SSOT\KNOWLEDGE_BASE\03_FOTO_PROYEK\FB_IMG_1788504471591.jpg.md","197","9/7/2026 11:40:14 AM"
"D:\MICO_SSOT\KNOWLEDGE_BASE\03_FOTO_PROYEK\FB_IMG_1788504594839.jpg","136448","9/4/2026 1:49:54 PM"
"D:\MICO_SSOT\KNOWLEDGE_BASE\03_FOTO_PROYEK\FB_IMG_1788504594839.jpg.md","197","9/7/2026 11:40:15 AM"
"D:\MICO_SSOT\KNOWLEDGE_BASE\03_FOTO_PROYEK\FB_IMG_1788504596716.jpg","160736","9/4/2026 1:49:56 PM"
"D:\MICO_SSOT\KNOWLEDGE_BASE\03_FOTO_PROYEK\FB_IMG_1788504596716.jpg.md","197","9/7/2026 11:40:15 AM"
"D:\MICO_SSOT\KNOWLEDGE_BASE\03_FOTO_PROYEK\FB_IMG_1788504598682.jpg","162693","9/4/2026 1:49:58 PM"
"D:\MICO_SSOT\KNOWLEDGE_BASE\03_FOTO_PROYEK\FB_IMG_1788504598682.jpg.md","197","9/7/2026 11:40:15 AM"
"D:\MICO_SSOT\KNOWLEDGE_BASE\03_FOTO_PROYEK\FB_IMG_1788504601015.jpg","164708","9/4/2026 1:50:01 PM"
"D:\MICO_SSOT\KNOWLEDGE_BASE\03_FOTO_PROYEK\FB_IMG_1788504601015.jpg.md","197","9/7/2026 11:40:15 AM"
"D:\MICO_SSOT\KNOWLEDGE_BASE\03_FOTO_PROYEK\FB_IMG_1788504603054.jpg","164789","9/4/2026 1:50:03 PM"
"D:\MICO_SSOT\KNOWLEDGE_BASE\03_FOTO_PROYEK\FB_IMG_1788504603054.jpg.md","197","9/7/2026 11:40:15 AM"
"D:\MICO_SSOT\KNOWLEDGE_BASE\03_FOTO_PROYEK\FB_IMG_1788504605056.jpg","138362","9/4/2026 1:50:05 PM"
"D:\MICO_SSOT\KNOWLEDGE_BASE\03_FOTO_PROYEK\FB_IMG_1788504605056.jpg.md","197","9/7/2026 11:40:15 AM"
"D:\MICO_SSOT\KNOWLEDGE_BASE\03_FOTO_PROYEK\FB_IMG_1788510909414.jpg","217329","9/4/2026 3:35:09 PM"
"D:\MICO_SSOT\KNOWLEDGE_BASE\03_FOTO_PROYEK\FB_IMG_1788510909414.jpg.md","197","9/7/2026 11:40:15 AM"
"D:\MICO_SSOT\KNOWLEDGE_BASE\03_FOTO_PROYEK\FB_IMG_1788511331833.jpg","197312","9/4/2026 3:42:11 PM"
"D:\MICO_SSOT\KNOWLEDGE_BASE\03_FOTO_PROYEK\FB_IMG_1788511331833.jpg.md","197","9/7/2026 11:40:15 AM"
"D:\MICO_SSOT\KNOWLEDGE_BASE\03_FOTO_PROYEK\FB_IMG_1788511336170.jpg","99589","9/4/2026 3:42:16 PM"
"D:\MICO_SSOT\KNOWLEDGE_BASE\03_FOTO_PROYEK\FB_IMG_1788511336170.jpg.md","197","9/7/2026 11:40:15 AM"
"D:\MICO_SSOT\KNOWLEDGE_BASE\03_FOTO_PROYEK\FB_IMG_1788525631594.jpg","212234","9/4/2026 7:40:31 PM"
"D:\MICO_SSOT\KNOWLEDGE_BASE\03_FOTO_PROYEK\FB_IMG_1788525631594.jpg.md","197","9/7/2026 11:40:16 AM"
"D:\MICO_SSOT\KNOWLEDGE_BASE\03_FOTO_PROYEK\FB_IMG_1788525657280.jpg","192790","9/4/2026 7:40:57 PM"
"D:\MICO_SSOT\KNOWLEDGE_BASE\03_FOTO_PROYEK\FB_IMG_1788525657280.jpg.md","197","9/7/2026 11:40:16 AM"
"D:\MICO_SSOT\KNOWLEDGE_BASE\03_FOTO_PROYEK\FB_IMG_1788525669427.jpg","205339","9/4/2026 7:41:09 PM"
"D:\MICO_SSOT\KNOWLEDGE_BASE\03_FOTO_PROYEK\FB_IMG_1788525669427.jpg.md","197","9/7/2026 11:40:16 AM"
"D:\MICO_SSOT\KNOWLEDGE_BASE\03_FOTO_PROYEK\FB_IMG_1788525679729.jpg","219396","9/4/2026 7:41:19 PM"
"D:\MICO_SSOT\KNOWLEDGE_BASE\03_FOTO_PROYEK\FB_IMG_1788525679729.jpg.md","197","9/7/2026 11:40:16 AM"
"D:\MICO_SSOT\KNOWLEDGE_BASE\03_FOTO_PROYEK\FB_IMG_1788526009963.jpg","156589","9/4/2026 7:46:49 PM"
"D:\MICO_SSOT\KNOWLEDGE_BASE\03_FOTO_PROYEK\FB_IMG_1788526009963.jpg.md","197","9/7/2026 11:40:16 AM"
"D:\MICO_SSOT\KNOWLEDGE_BASE\03_FOTO_PROYEK\FB_IMG_1788526021036.jpg","65078","9/4/2026 7:47:01 PM"
"D:\MICO_SSOT\KNOWLEDGE_BASE\03_FOTO_PROYEK\FB_IMG_1788526021036.jpg.md","197","9/7/2026 11:40:16 AM"
"D:\MICO_SSOT\KNOWLEDGE_BASE\03_FOTO_PROYEK\FB_IMG_1788526113679.jpg","233020","9/4/2026 7:48:33 PM"
"D:\MICO_SSOT\KNOWLEDGE_BASE\03_FOTO_PROYEK\FB_IMG_1788526113679.jpg.md","197","9/7/2026 11:40:16 AM"
"D:\MICO_SSOT\KNOWLEDGE_BASE\03_FOTO_PROYEK\FB_IMG_1788528978601.jpg","178189","9/4/2026 8:36:18 PM"
"D:\MICO_SSOT\KNOWLEDGE_BASE\03_FOTO_PROYEK\FB_IMG_1788528978601.jpg.md","197","9/7/2026 11:40:17 AM"
"D:\MICO_SSOT\KNOWLEDGE_BASE\03_FOTO_PROYEK\FB_IMG_1788529019490.jpg","90928","9/4/2026 8:36:59 PM"
"D:\MICO_SSOT\KNOWLEDGE_BASE\03_FOTO_PROYEK\FB_IMG_1788529019490.jpg.md","197","9/7/2026 11:40:17 AM"
"D:\MICO_SSOT\KNOWLEDGE_BASE\03_FOTO_PROYEK\FB_IMG_1788529449684.jpg","83541","9/4/2026 8:44:09 PM"
"D:\MICO_SSOT\KNOWLEDGE_BASE\03_FOTO_PROYEK\FB_IMG_1788529449684.jpg.md","197","9/7/2026 11:40:17 AM"
"D:\MICO_SSOT\KNOWLEDGE_BASE\03_FOTO_PROYEK\FB_IMG_1788548157483.jpg","118433","9/5/2026 1:55:57 AM"
"D:\MICO_SSOT\KNOWLEDGE_BASE\03_FOTO_PROYEK\FB_IMG_1788548157483.jpg.md","197","9/7/2026 11:40:17 AM"
"D:\MICO_SSOT\KNOWLEDGE_BASE\03_FOTO_PROYEK\FB_IMG_1788585279099.jpg","193230","9/5/2026 12:14:39 PM"
"D:\MICO_SSOT\KNOWLEDGE_BASE\03_FOTO_PROYEK\FB_IMG_1788585279099.jpg.md","197","9/7/2026 11:40:17 AM"
"D:\MICO_SSOT\KNOWLEDGE_BASE\03_FOTO_PROYEK\FB_IMG_1788585808546.jpg","161026","9/5/2026 12:23:28 PM"
"D:\MICO_SSOT\KNOWLEDGE_BASE\03_FOTO_PROYEK\FB_IMG_1788585808546.jpg.md","197","9/7/2026 11:40:17 AM"
"D:\MICO_SSOT\KNOWLEDGE_BASE\03_FOTO_PROYEK\FB_IMG_1788585856680.jpg","230054","9/5/2026 12:24:16 PM"
"D:\MICO_SSOT\KNOWLEDGE_BASE\03_FOTO_PROYEK\FB_IMG_1788585856680.jpg.md","197","9/7/2026 11:40:17 AM"
"D:\MICO_SSOT\KNOWLEDGE_BASE\03_FOTO_PROYEK\FB_IMG_1788585939955.jpg","68074","9/5/2026 12:25:40 PM"
"D:\MICO_SSOT\KNOWLEDGE_BASE\03_FOTO_PROYEK\FB_IMG_1788585939955.jpg.md","197","9/7/2026 11:40:18 AM"
"D:\MICO_SSOT\KNOWLEDGE_BASE\03_FOTO_PROYEK\FB_IMG_1788586032295.jpg","214135","9/5/2026 12:27:12 PM"
"D:\MICO_SSOT\KNOWLEDGE_BASE\03_FOTO_PROYEK\FB_IMG_1788586032295.jpg.md","197","9/7/2026 11:40:18 AM"
"D:\MICO_SSOT\KNOWLEDGE_BASE\03_FOTO_PROYEK\FB_IMG_1788591888367.jpg","217997","9/5/2026 2:04:48 PM"
"D:\MICO_SSOT\KNOWLEDGE_BASE\03_FOTO_PROYEK\FB_IMG_1788591888367.jpg.md","197","9/7/2026 11:40:18 AM"
"D:\MICO_SSOT\KNOWLEDGE_BASE\03_FOTO_PROYEK\FB_IMG_1788591931557.jpg","67462","9/5/2026 2:05:31 PM"
"D:\MICO_SSOT\KNOWLEDGE_BASE\03_FOTO_PROYEK\FB_IMG_1788591931557.jpg.md","197","9/7/2026 11:40:18 AM"
"D:\MICO_SSOT\KNOWLEDGE_BASE\03_FOTO_PROYEK\FB_IMG_1788591933996.jpg","56223","9/5/2026 2:05:34 PM"
"D:\MICO_SSOT\KNOWLEDGE_BASE\03_FOTO_PROYEK\FB_IMG_1788591933996.jpg.md","197","9/7/2026 11:40:18 AM"
"D:\MICO_SSOT\KNOWLEDGE_BASE\03_FOTO_PROYEK\FB_IMG_1788591936252.jpg","74789","9/5/2026 2:05:36 PM"
"D:\MICO_SSOT\KNOWLEDGE_BASE\03_FOTO_PROYEK\FB_IMG_1788591936252.jpg.md","197","9/7/2026 11:40:18 AM"
"D:\MICO_SSOT\KNOWLEDGE_BASE\03_FOTO_PROYEK\FB_IMG_1788591938275.jpg","64048","9/5/2026 2:05:38 PM"
"D:\MICO_SSOT\KNOWLEDGE_BASE\03_FOTO_PROYEK\FB_IMG_1788591938275.jpg.md","197","9/7/2026 11:40:18 AM"
"D:\MICO_SSOT\KNOWLEDGE_BASE\03_FOTO_PROYEK\FB_IMG_1788591940483.jpg","63048","9/5/2026 2:05:40 PM"
"D:\MICO_SSOT\KNOWLEDGE_BASE\03_FOTO_PROYEK\FB_IMG_1788591940483.jpg.md","197","9/7/2026 11:40:19 AM"
"D:\MICO_SSOT\KNOWLEDGE_BASE\03_FOTO_PROYEK\FB_IMG_1788592120550.jpg","135728","9/5/2026 2:08:40 PM"
"D:\MICO_SSOT\KNOWLEDGE_BASE\03_FOTO_PROYEK\FB_IMG_1788592120550.jpg.md","197","9/7/2026 11:40:19 AM"
"D:\MICO_SSOT\KNOWLEDGE_BASE\03_FOTO_PROYEK\FB_IMG_1788593596448.jpg","125400","9/5/2026 2:33:16 PM"
"D:\MICO_SSOT\KNOWLEDGE_BASE\03_FOTO_PROYEK\FB_IMG_1788593596448.jpg.md","197","9/7/2026 11:40:19 AM"
"D:\MICO_SSOT\KNOWLEDGE_BASE\03_FOTO_PROYEK\FB_IMG_1788593833578.jpg","118236","9/5/2026 2:37:13 PM"
"D:\MICO_SSOT\KNOWLEDGE_BASE\03_FOTO_PROYEK\FB_IMG_1788593833578.jpg.md","197","9/7/2026 11:40:19 AM"
"D:\MICO_SSOT\KNOWLEDGE_BASE\03_FOTO_PROYEK\FB_IMG_1788593835972.jpg","69315","9/5/2026 2:37:15 PM"
"D:\MICO_SSOT\KNOWLEDGE_BASE\03_FOTO_PROYEK\FB_IMG_1788593835972.jpg.md","197","9/7/2026 11:40:19 AM"
"D:\MICO_SSOT\KNOWLEDGE_BASE\03_FOTO_PROYEK\FB_IMG_1788593838039.jpg","69301","9/5/2026 2:37:18 PM"
"D:\MICO_SSOT\KNOWLEDGE_BASE\03_FOTO_PROYEK\FB_IMG_1788593838039.jpg.md","197","9/7/2026 11:40:19 AM"
"D:\MICO_SSOT\KNOWLEDGE_BASE\03_FOTO_PROYEK\FB_IMG_1788595190151.jpg","245185","9/5/2026 2:59:50 PM"
"D:\MICO_SSOT\KNOWLEDGE_BASE\03_FOTO_PROYEK\FB_IMG_1788595190151.jpg.md","197","9/7/2026 11:40:19 AM"
"D:\MICO_SSOT\KNOWLEDGE_BASE\03_FOTO_PROYEK\FB_IMG_1788596114907.jpg","150769","9/5/2026 3:15:14 PM"
"D:\MICO_SSOT\KNOWLEDGE_BASE\03_FOTO_PROYEK\FB_IMG_1788596114907.jpg.md","197","9/7/2026 11:40:19 AM"
"D:\MICO_SSOT\KNOWLEDGE_BASE\03_FOTO_PROYEK\FB_IMG_1788596718319.jpg","110029","9/5/2026 3:25:18 PM"
"D:\MICO_SSOT\KNOWLEDGE_BASE\03_FOTO_PROYEK\FB_IMG_1788596718319.jpg.md","197","9/7/2026 11:40:19 AM"
"D:\MICO_SSOT\KNOWLEDGE_BASE\03_FOTO_PROYEK\FB_IMG_1788600721679.jpg","146847","9/5/2026 4:32:01 PM"
"D:\MICO_SSOT\KNOWLEDGE_BASE\03_FOTO_PROYEK\FB_IMG_1788600721679.jpg.md","197","9/7/2026 11:40:19 AM"
"D:\MICO_SSOT\KNOWLEDGE_BASE\03_FOTO_PROYEK\FB_IMG_1788619363255.jpg","61389","9/5/2026 9:42:43 PM"
"D:\MICO_SSOT\KNOWLEDGE_BASE\03_FOTO_PROYEK\FB_IMG_1788619363255.jpg.md","197","9/7/2026 11:40:20 AM"
"D:\MICO_SSOT\KNOWLEDGE_BASE\03_FOTO_PROYEK\FB_IMG_1788619382398.jpg","244104","9/5/2026 9:43:02 PM"
"D:\MICO_SSOT\KNOWLEDGE_BASE\03_FOTO_PROYEK\FB_IMG_1788619382398.jpg.md","197","9/7/2026 11:40:20 AM"
"D:\MICO_SSOT\KNOWLEDGE_BASE\03_FOTO_PROYEK\FB_IMG_1788619616107.jpg","64917","9/5/2026 9:46:56 PM"
"D:\MICO_SSOT\KNOWLEDGE_BASE\03_FOTO_PROYEK\FB_IMG_1788619616107.jpg.md","197","9/7/2026 11:40:20 AM"
"D:\MICO_SSOT\KNOWLEDGE_BASE\03_FOTO_PROYEK\FB_IMG_1788623726731.jpg","162213","9/5/2026 10:55:26 PM"
"D:\MICO_SSOT\KNOWLEDGE_BASE\03_FOTO_PROYEK\FB_IMG_1788623726731.jpg.md","197","9/7/2026 11:40:20 AM"
"D:\MICO_SSOT\KNOWLEDGE_BASE\03_FOTO_PROYEK\FB_IMG_1788670563562.jpg","100507","9/6/2026 11:56:03 AM"
"D:\MICO_SSOT\KNOWLEDGE_BASE\03_FOTO_PROYEK\FB_IMG_1788670563562.jpg.md","197","9/7/2026 11:40:20 AM"
"D:\MICO_SSOT\KNOWLEDGE_BASE\03_FOTO_PROYEK\FB_IMG_1788671720414.jpg","174792","9/6/2026 12:15:20 PM"
"D:\MICO_SSOT\KNOWLEDGE_BASE\03_FOTO_PROYEK\FB_IMG_1788671720414.jpg.md","197","9/7/2026 11:40:20 AM"
"D:\MICO_SSOT\KNOWLEDGE_BASE\03_FOTO_PROYEK\FB_IMG_1788672456765.jpg","165128","9/6/2026 12:27:36 PM"
"D:\MICO_SSOT\KNOWLEDGE_BASE\03_FOTO_PROYEK\FB_IMG_1788672456765.jpg.md","197","9/7/2026 11:40:20 AM"
"D:\MICO_SSOT\KNOWLEDGE_BASE\03_FOTO_PROYEK\FB_IMG_1788673243022.jpg","43761","9/6/2026 12:40:43 PM"
"D:\MICO_SSOT\KNOWLEDGE_BASE\03_FOTO_PROYEK\FB_IMG_1788673243022.jpg.md","197","9/7/2026 11:40:20 AM"
"D:\MICO_SSOT\KNOWLEDGE_BASE\03_FOTO_PROYEK\FB_IMG_1788673245539.jpg","281974","9/6/2026 12:40:45 PM"
"D:\MICO_SSOT\KNOWLEDGE_BASE\03_FOTO_PROYEK\FB_IMG_1788673245539.jpg.md","197","9/7/2026 11:40:20 AM"
"D:\MICO_SSOT\KNOWLEDGE_BASE\03_FOTO_PROYEK\FB_IMG_1788673247895.jpg","100913","9/6/2026 12:40:47 PM"
"D:\MICO_SSOT\KNOWLEDGE_BASE\03_FOTO_PROYEK\FB_IMG_1788673247895.jpg.md","197","9/7/2026 11:40:20 AM"
"D:\MICO_SSOT\KNOWLEDGE_BASE\03_FOTO_PROYEK\FB_IMG_1788673258819.jpg","73668","9/6/2026 12:40:58 PM"
"D:\MICO_SSOT\KNOWLEDGE_BASE\03_FOTO_PROYEK\FB_IMG_1788673258819.jpg.md","197","9/7/2026 11:40:21 AM"
"D:\MICO_SSOT\KNOWLEDGE_BASE\03_FOTO_PROYEK\FB_IMG_1788673262461.jpg","76871","9/6/2026 12:41:02 PM"
"D:\MICO_SSOT\KNOWLEDGE_BASE\03_FOTO_PROYEK\FB_IMG_1788673262461.jpg.md","197","9/7/2026 11:40:21 AM"
"D:\MICO_SSOT\KNOWLEDGE_BASE\03_FOTO_PROYEK\FB_IMG_1788673757870.jpg","81997","9/6/2026 12:49:17 PM"
"D:\MICO_SSOT\KNOWLEDGE_BASE\03_FOTO_PROYEK\FB_IMG_1788673757870.jpg.md","197","9/7/2026 11:40:21 AM"
"D:\MICO_SSOT\KNOWLEDGE_BASE\03_FOTO_PROYEK\FB_IMG_1788682336194.jpg","134137","9/6/2026 3:12:16 PM"
"D:\MICO_SSOT\KNOWLEDGE_BASE\03_FOTO_PROYEK\FB_IMG_1788682336194.jpg.md","197","9/7/2026 11:40:21 AM"
"D:\MICO_SSOT\KNOWLEDGE_BASE\03_FOTO_PROYEK\FB_IMG_1788682352983.jpg","137116","9/6/2026 3:12:33 PM"
"D:\MICO_SSOT\KNOWLEDGE_BASE\03_FOTO_PROYEK\FB_IMG_1788682352983.jpg.md","197","9/7/2026 11:40:21 AM"
"D:\MICO_SSOT\KNOWLEDGE_BASE\03_FOTO_PROYEK\FB_IMG_1788683535595.jpg","206285","9/6/2026 3:32:15 PM"
"D:\MICO_SSOT\KNOWLEDGE_BASE\03_FOTO_PROYEK\FB_IMG_1788683535595.jpg.md","197","9/7/2026 11:40:21 AM"
"D:\MICO_SSOT\KNOWLEDGE_BASE\03_FOTO_PROYEK\FB_IMG_1788691805530.jpg","114470","9/6/2026 5:50:05 PM"
"D:\MICO_SSOT\KNOWLEDGE_BASE\03_FOTO_PROYEK\FB_IMG_1788691805530.jpg.md","197","9/7/2026 11:40:21 AM"
"D:\MICO_SSOT\KNOWLEDGE_BASE\03_FOTO_PROYEK\FB_IMG_1788695562931.jpg","161875","9/6/2026 6:52:42 PM"
"D:\MICO_SSOT\KNOWLEDGE_BASE\03_FOTO_PROYEK\FB_IMG_1788695562931.jpg.md","197","9/7/2026 11:40:21 AM"
"D:\MICO_SSOT\KNOWLEDGE_BASE\03_FOTO_PROYEK\FB_IMG_1788697786163.jpg","252174","9/6/2026 7:29:46 PM"
"D:\MICO_SSOT\KNOWLEDGE_BASE\03_FOTO_PROYEK\FB_IMG_1788697786163.jpg.md","197","9/7/2026 11:40:21 AM"
"D:\MICO_SSOT\KNOWLEDGE_BASE\03_FOTO_PROYEK\FB_IMG_1788699490640.jpg","137730","9/6/2026 7:58:10 PM"
"D:\MICO_SSOT\KNOWLEDGE_BASE\03_FOTO_PROYEK\FB_IMG_1788699490640.jpg.md","197","9/7/2026 11:40:22 AM"
"D:\MICO_SSOT\KNOWLEDGE_BASE\03_FOTO_PROYEK\FB_IMG_1788701678527.jpg","210646","9/6/2026 8:34:38 PM"
"D:\MICO_SSOT\KNOWLEDGE_BASE\03_FOTO_PROYEK\FB_IMG_1788701678527.jpg.md","197","9/7/2026 11:40:22 AM"
"D:\MICO_SSOT\KNOWLEDGE_BASE\03_FOTO_PROYEK\FB_IMG_1788701688276.jpg","31771","9/6/2026 8:34:48 PM"
"D:\MICO_SSOT\KNOWLEDGE_BASE\03_FOTO_PROYEK\FB_IMG_1788701688276.jpg.md","197","9/7/2026 11:40:22 AM"
"D:\MICO_SSOT\KNOWLEDGE_BASE\03_FOTO_PROYEK\FB_IMG_1788706377577.jpg","216170","9/6/2026 9:52:57 PM"
"D:\MICO_SSOT\KNOWLEDGE_BASE\03_FOTO_PROYEK\FB_IMG_1788706377577.jpg.md","197","9/7/2026 11:40:22 AM"
"D:\MICO_SSOT\KNOWLEDGE_BASE\03_FOTO_PROYEK\FB_IMG_1788706426939.jpg","161243","9/6/2026 9:53:46 PM"
"D:\MICO_SSOT\KNOWLEDGE_BASE\03_FOTO_PROYEK\FB_IMG_1788706426939.jpg.md","197","9/7/2026 11:40:22 AM"
"D:\MICO_SSOT\KNOWLEDGE_BASE\03_FOTO_PROYEK\FB_IMG_1788706473943.jpg","134478","9/6/2026 9:54:33 PM"
"D:\MICO_SSOT\KNOWLEDGE_BASE\03_FOTO_PROYEK\FB_IMG_1788706473943.jpg.md","197","9/7/2026 11:40:22 AM"
"D:\MICO_SSOT\KNOWLEDGE_BASE\03_FOTO_PROYEK\FB_IMG_1788706486416.jpg","145557","9/6/2026 9:54:46 PM"
"D:\MICO_SSOT\KNOWLEDGE_BASE\03_FOTO_PROYEK\FB_IMG_1788706486416.jpg.md","197","9/7/2026 11:40:22 AM"
"D:\MICO_SSOT\KNOWLEDGE_BASE\03_FOTO_PROYEK\FB_IMG_1788706507006.jpg","217011","9/6/2026 9:55:07 PM"
"D:\MICO_SSOT\KNOWLEDGE_BASE\03_FOTO_PROYEK\FB_IMG_1788706507006.jpg.md","197","9/7/2026 11:40:23 AM"
"D:\MICO_SSOT\KNOWLEDGE_BASE\03_FOTO_PROYEK\FB_IMG_1788706524730.jpg","203953","9/6/2026 9:55:24 PM"
"D:\MICO_SSOT\KNOWLEDGE_BASE\03_FOTO_PROYEK\FB_IMG_1788706524730.jpg.md","197","9/7/2026 11:40:23 AM"
"D:\MICO_SSOT\KNOWLEDGE_BASE\03_FOTO_PROYEK\FB_IMG_1788706525764.jpg","205722","9/6/2026 9:55:25 PM"
"D:\MICO_SSOT\KNOWLEDGE_BASE\03_FOTO_PROYEK\FB_IMG_1788706525764.jpg.md","197","9/7/2026 11:40:23 AM"
"D:\MICO_SSOT\KNOWLEDGE_BASE\03_FOTO_PROYEK\FB_IMG_1788706540291.jpg","238648","9/6/2026 9:55:40 PM"
"D:\MICO_SSOT\KNOWLEDGE_BASE\03_FOTO_PROYEK\FB_IMG_1788706540291.jpg.md","197","9/7/2026 11:40:23 AM"
"D:\MICO_SSOT\KNOWLEDGE_BASE\03_FOTO_PROYEK\FB_IMG_1788706546343.jpg","221992","9/6/2026 9:55:46 PM"
"D:\MICO_SSOT\KNOWLEDGE_BASE\03_FOTO_PROYEK\FB_IMG_1788706546343.jpg.md","197","9/7/2026 11:42:20 AM"
"D:\MICO_SSOT\KNOWLEDGE_BASE\03_FOTO_PROYEK\FB_IMG_1788709999581.jpg","204498","9/6/2026 10:53:19 PM"
"D:\MICO_SSOT\KNOWLEDGE_BASE\03_FOTO_PROYEK\FB_IMG_1788709999581.jpg.md","197","9/7/2026 11:42:20 AM"
"D:\MICO_SSOT\KNOWLEDGE_BASE\03_FOTO_PROYEK\FB_IMG_1788710008718.jpg","179253","9/6/2026 10:53:28 PM"
"D:\MICO_SSOT\KNOWLEDGE_BASE\03_FOTO_PROYEK\FB_IMG_1788710008718.jpg.md","197","9/7/2026 11:42:21 AM"
"D:\MICO_SSOT\KNOWLEDGE_BASE\03_FOTO_PROYEK\FB_IMG_1788710468585.jpg","198364","9/6/2026 11:01:08 PM"
"D:\MICO_SSOT\KNOWLEDGE_BASE\03_FOTO_PROYEK\FB_IMG_1788710468585.jpg.md","197","9/7/2026 11:42:21 AM"
"D:\MICO_SSOT\KNOWLEDGE_BASE\03_FOTO_PROYEK\FB_IMG_1788710507602.jpg","290636","9/6/2026 11:01:47 PM"
"D:\MICO_SSOT\KNOWLEDGE_BASE\03_FOTO_PROYEK\FB_IMG_1788710507602.jpg.md","197","9/7/2026 11:42:21 AM"
"D:\MICO_SSOT\KNOWLEDGE_BASE\03_FOTO_PROYEK\FB_IMG_1788710513870.jpg","216533","9/6/2026 11:01:53 PM"
"D:\MICO_SSOT\KNOWLEDGE_BASE\03_FOTO_PROYEK\FB_IMG_1788710513870.jpg.md","197","9/7/2026 11:42:21 AM"
"D:\MICO_SSOT\KNOWLEDGE_BASE\03_FOTO_PROYEK\FB_IMG_1788710523175.jpg","215843","9/6/2026 11:02:03 PM"
"D:\MICO_SSOT\KNOWLEDGE_BASE\03_FOTO_PROYEK\FB_IMG_1788710523175.jpg.md","197","9/7/2026 11:42:21 AM"
"D:\MICO_SSOT\KNOWLEDGE_BASE\03_FOTO_PROYEK\FB_IMG_1788710533144.jpg","169625","9/6/2026 11:02:13 PM"
"D:\MICO_SSOT\KNOWLEDGE_BASE\03_FOTO_PROYEK\FB_IMG_1788710533144.jpg.md","197","9/7/2026 11:42:21 AM"
"D:\MICO_SSOT\KNOWLEDGE_BASE\03_FOTO_PROYEK\FB_IMG_1788711525463.jpg","126118","9/6/2026 11:18:45 PM"
"D:\MICO_SSOT\KNOWLEDGE_BASE\03_FOTO_PROYEK\FB_IMG_1788711525463.jpg.md","197","9/7/2026 11:42:21 AM"
"D:\MICO_SSOT\KNOWLEDGE_BASE\03_FOTO_PROYEK\FB_IMG_1788711632166.jpg","158958","9/6/2026 11:20:32 PM"
"D:\MICO_SSOT\KNOWLEDGE_BASE\03_FOTO_PROYEK\FB_IMG_1788711632166.jpg.md","197","9/7/2026 11:42:21 AM"
"D:\MICO_SSOT\KNOWLEDGE_BASE\03_FOTO_PROYEK\IMG_20260907_042552.jpg","3476692","9/7/2026 4:25:53 AM"
"D:\MICO_SSOT\KNOWLEDGE_BASE\03_FOTO_PROYEK\IMG_20260907_042552.jpg.md","195","9/7/2026 11:42:22 AM"
"D:\MICO_SSOT\KNOWLEDGE_BASE\03_FOTO_PROYEK\IMG_20260907_042601.jpg","2882455","9/7/2026 4:26:03 AM"
"D:\MICO_SSOT\KNOWLEDGE_BASE\03_FOTO_PROYEK\IMG_20260907_042601.jpg.md","195","9/7/2026 11:42:22 AM"
"D:\MICO_SSOT\KNOWLEDGE_BASE\03_FOTO_PROYEK\IMG_20260907_042612.jpg","3934778","9/7/2026 4:26:13 AM"
"D:\MICO_SSOT\KNOWLEDGE_BASE\03_FOTO_PROYEK\IMG_20260907_042612.jpg.md","195","9/7/2026 11:42:22 AM"
"D:\MICO_SSOT\KNOWLEDGE_BASE\03_FOTO_PROYEK\IMG_20260907_042629.jpg","4423880","9/7/2026 4:26:31 AM"
"D:\MICO_SSOT\KNOWLEDGE_BASE\03_FOTO_PROYEK\IMG_20260907_042629.jpg.md","195","9/7/2026 11:42:22 AM"
